<?xml version="1.0" encoding="UTF-8"?>
<!DOCTYPE hibernate-mapping PUBLIC "-//Hibernate/Hibernate Mapping DTD 3.0//EN" "http://hibernate.sourceforge.net/hibernate-mapping-3.0.dtd">
<hibernate-mapping package="org.openmrs.module.dhisreport.api.model">
    <class name="Disaggregation" table="${project.parent.artifactId}_disaggregation">
        <id column="id" name="id" unsaved-value="0">
            <generator class="native"/>
        </id>
        <discriminator column="id" insert="false"/>
        <property column="disagg_name" name="name" unique="true"/>
        <property column="uid" name="uid" unique="true"/>
        <property column="code" name="code" unique="true"/>
    </class>
</hibernate-mapping>
