<?xml version="1.0" encoding="UTF-8" ?>
<!DOCTYPE log4j:configuration SYSTEM "log4j.dtd">
 
<log4j:configuration xmlns:log4j="http://jakarta.apache.org/log4j/">
    
    <appender name="CONSOLE" class="org.apache.log4j.ConsoleAppender">
        <layout class="org.apache.log4j.PatternLayout">
            <param name="ConversionPattern"
                               value="%p - %C{1}.%M(%L) |%d{ISO8601}| %m%n" />
        </layout>
    </appender>
    
    <logger name="org.openmrs.module.dhisreport">
		<level value="DEBUG" />
		<appender-ref ref="CONSOLE" />
 	</logger>
    
</log4j:configuration>
