<?xml version="1.0" encoding="UTF-8"?>
<!DOCTYPE sqldiff PUBLIC "-//OpenMRS//DTD OpenMRS SQL Diff Config 1.0//EN" "http://resources.openmrs.org/doctype/sqldiff-1.0.dtd">

<sqldiff version="1.0">
        <help>
                USE:
                The diffs are ordered by datamodel version number.
                The script can be run in a top down fashion and is
                expected to not failor overwrite old data

                EXPECT:
                - "use business-database-name;" was called prior to
                calling this script
        </help>
        <diff>
                <version>1.0</version>
                <author>Apurv Mehra</author>
                <date>Jan 3rd 2013</date>
                <description>
                        Create tables for SDMX if they do not exist
                </description>
                <sql>
					
						
						CREATE TABLE IF NOT EXISTS `dhisreport_dataelement` (
						  `id` int(11) NOT NULL AUTO_INCREMENT,
						  `de_name` varchar(255) NOT NULL,
						  `uid` varchar(255) NOT NULL,
						  `code` varchar(255) NOT NULL,
						  PRIMARY KEY (`id`),
						  UNIQUE KEY `code` (`code`),
						  UNIQUE KEY `uid` (`uid`)
						) ENGINE=InnoDB AUTO_INCREMENT=813 DEFAULT CHARSET=latin1;


						CREATE TABLE IF NOT EXISTS `dhisreport_disaggregation` (
						  `id` int(11) NOT NULL AUTO_INCREMENT,
						  `disagg_name` varchar(255) NOT NULL,
						  `uid` varchar(255) NOT NULL,
						  `code` varchar(255) NOT NULL,
						  PRIMARY KEY (`id`),
						  UNIQUE KEY `uid` (`uid`),
						  UNIQUE KEY `code` (`code`)
						) ENGINE=InnoDB AUTO_INCREMENT=2 DEFAULT CHARSET=latin1;


						CREATE TABLE IF NOT EXISTS `dhisreport_report_definition` (
						  `id` int(11) NOT NULL AUTO_INCREMENT,
						  `report_name` varchar(255) NOT NULL,
						  `uid` varchar(255) NOT NULL,
						  `code` varchar(255) NOT NULL,
						  PRIMARY KEY (`id`),
						  UNIQUE KEY `code` (`code`),
						  UNIQUE KEY `uid` (`uid`)
						) ENGINE=InnoDB AUTO_INCREMENT=15 DEFAULT CHARSET=latin1;


						CREATE TABLE IF NOT EXISTS `dhisreport_datavalue_template` (
						  `id` int(11) NOT NULL AUTO_INCREMENT,
						  `report_definition_id` int(11) NOT NULL,
						  `dataelement_id` int(11) NOT NULL,
						  `disaggregation_id` int(11) NOT NULL,
						  `query` text,
						  PRIMARY KEY (`id`),
						  KEY `fk_dataelement_datavaluetemplate` (`dataelement_id`),
						  KEY `fk_disaggregation_datavaluetemplate` (`disaggregation_id`),
						  KEY `fk_report_definition_datavaluetemplate` (`report_definition_id`),
						  CONSTRAINT `fk_dataelement_datavaluetemplate` FOREIGN KEY (`dataelement_id`) REFERENCES `dhisreport_dataelement` (`id`),
						  CONSTRAINT `fk_disaggregation_datavaluetemplate` FOREIGN KEY (`disaggregation_id`) REFERENCES `dhisreport_disaggregation` (`id`),
						  CONSTRAINT `fk_report_definition_datavaluetemplate` FOREIGN KEY (`report_definition_id`) REFERENCES `dhisreport_report_definition` (`id`)
						) ENGINE=InnoDB AUTO_INCREMENT=828 DEFAULT CHARSET=latin1;

                </sql>
        </diff>
        
        <diff>
			<version>1.1</version>
			<author>Apurv Mehra</author>
			<date>Feb 15th 2014</date>
			<description>
				Added 'period type' to report definition table
			</description>
			<sql>
				ALTER TABLE `dhisreport_report_definition`
 				ADD `periodType` varchar(16) DEFAULT NULL;
			</sql>
		</diff>
	<diff>
		<version>1.2</version>
		<author>Sri Maurya Kummamuru</author>
		<date>Mar 16th 2016</date>
		<description>
			Added 'reportingReportUuid' to report definition table
		</description>
		<sql>
			ALTER TABLE `dhisreport_report_definition`
			ADD `reportingreportuuid` char(38) DEFAULT NULL;
		</sql>
	</diff>
	<diff>
        <version>1.3</version>
        <author>Mark Nicoll</author>
        <date>Jan 24 2017</date>
        <description>
            Added data element query table
        </description>
        <sql>
            CREATE TABLE IF NOT EXISTS `dhisreport_dataelementquery` (
            `id` int(11) NOT NULL AUTO_INCREMENT,
            `uid` varchar(255) NOT NULL,
            `query` text,
            `prefix` varchar(255),
            `codeprefix` varchar(255),
            `report_definition_id` int(11) NOT NULL,
            PRIMARY KEY (`id`),
            KEY `fk_report_definition_dataelementquery` (`report_definition_id`),
            CONSTRAINT `fk_report_definition_dataelementquery` FOREIGN KEY (`report_definition_id`) REFERENCES `dhisreport_report_definition` (`id`)
            ) ENGINE=InnoDB AUTO_INCREMENT=828 DEFAULT CHARSET=latin1;
        </sql>
    </diff>
    <diff>
        <version>1.4</version>
        <author>Mark Nicoll</author>
        <date>Jan 26 2017</date>
        <description>
            Added meta data template table
        </description>
        <sql>
            CREATE TABLE IF NOT EXISTS `dhisreport_metadatavalue_template` (
            `id` int(11) NOT NULL AUTO_INCREMENT,
            `report_definition_id` int(11) NOT NULL,
            `disaggregation_id` int(11) NOT NULL,
            `query` text,
            PRIMARY KEY (`id`),
            KEY `fk_disaggregation_metadatavaluetemplate` (`disaggregation_id`),
            KEY `fk_report_definition_metadatavaluetemplate` (`report_definition_id`),
            CONSTRAINT `fk_disaggregation_metadatavaluetemplate` FOREIGN KEY (`disaggregation_id`) REFERENCES `dhisreport_disaggregation` (`id`),
            CONSTRAINT `fk_report_definition_metadatavaluetemplate` FOREIGN KEY (`report_definition_id`) REFERENCES `dhisreport_report_definition` (`id`)
            ) ENGINE=InnoDB AUTO_INCREMENT=828 DEFAULT CHARSET=latin1;
        </sql>
    </diff>
    <diff>
    <version>1.5</version>
    <author>Mark Nicoll</author>
    <date>Jan 26 2017</date>
    <description>
        Add schedule boolean to report table
    </description>
    <sql>
        ALTER TABLE `dhisreport_report_definition`
        ADD COLUMN `scheduled` bool;
    </sql>
    </diff>
</sqldiff>