<?xml version='1.0' encoding='UTF-8'?><metaData xmlns="http://dhis2.org/schema/dxf/2.0">
    <categoryOptionCombos>
        <categoryOptionCombo name="(default)" lastUpdated="2011-11-10T17:10:55.839+0000" id="YtbnZipIBx3">
            <categoryCombo name="default" lastUpdated="2011-11-10T17:10:55.822+0000" id="TGJpKN6IeVo">
                <categories>
                    <category name="default" lastUpdated="2012-09-17T14:26:42.753+0000" id="ce4FfpVEDwJ"/>
                </categories>
            </categoryCombo>
            <categoryOptions>
                <categoryOption name="default" lastUpdated="2011-11-10T17:10:55.757+0000" id="PcztD34FTn6"/>
            </categoryOptions>
        </categoryOptionCombo>
        <categoryOptionCombo name="(Male)" lastUpdated="2011-11-10T17:10:55.839+0000" id="HgRodT2oZlq">
            <categoryCombo name="MaleFemale" lastUpdated="2011-11-10T17:10:55.822+0000" id="Vy8na7u83Hp">
                <categories>
                    <category name="Sex" lastUpdated="2011-11-10T17:10:55.800+0000" id="U9rEdhWqJ7K"/>
                </categories>
            </categoryCombo>
            <categoryOptions>
                <categoryOption name="Male" lastUpdated="2011-11-10T17:10:55.757+0000" id="SDioeca1NZ2"/>
            </categoryOptions>
        </categoryOptionCombo>
        <categoryOptionCombo name="(Female)" lastUpdated="2011-11-10T17:10:55.839+0000" id="PfaFHAfpd2X">
            <categoryCombo name="MaleFemale" lastUpdated="2011-11-10T17:10:55.822+0000" id="Vy8na7u83Hp">
                <categories>
                    <category name="Sex" lastUpdated="2011-11-10T17:10:55.800+0000" id="U9rEdhWqJ7K"/>
                </categories>
            </categoryCombo>
            <categoryOptions>
                <categoryOption name="Female" lastUpdated="2011-11-10T17:10:55.757+0000" id="uwVN9qBO8y8"/>
            </categoryOptions>
        </categoryOptionCombo>
    </categoryOptionCombos>
    <dataElements>
        <dataElement name="Population" lastUpdated="2010-06-25T04:00:00.000+0000" shortName="Population" id="xX6RDH6AZTK">
            <active>true</active>
            <domainType>aggregate</domainType>
            <type>int</type>
            <numberType>number</numberType>
            <aggregationOperator>sum</aggregationOperator>
            <categoryCombo name="MaleFemale" lastUpdated="2011-11-10T17:10:55.822+0000" id="Vy8na7u83Hp"/>
            <zeroIsSignificant>false</zeroIsSignificant>
            <optionSet/>
        </dataElement>
        <dataElement code="ANC1" name="ANC1" lastUpdated="2012-09-17T00:10:53.347+0000" shortName="ANC1" id="nvVDDkfbbhf">
            <active>true</active>
            <domainType>aggregate</domainType>
            <type>int</type>
            <numberType>number</numberType>
            <aggregationOperator>sum</aggregationOperator>
            <categoryCombo name="default" lastUpdated="2011-11-10T17:10:55.822+0000" id="TGJpKN6IeVo"/>
            <url></url>
            <zeroIsSignificant>false</zeroIsSignificant>
            <optionSet/>
            <formName></formName>
        </dataElement>
        <dataElement code="ANC4" name="ANC4" lastUpdated="2012-09-17T00:11:06.391+0000" shortName="ANC4" id="OWeOBFxrvrv">
            <active>true</active>
            <domainType>aggregate</domainType>
            <type>int</type>
            <numberType>number</numberType>
            <aggregationOperator>sum</aggregationOperator>
            <categoryCombo name="default" lastUpdated="2011-11-10T17:10:55.822+0000" id="TGJpKN6IeVo"/>
            <url></url>
            <zeroIsSignificant>false</zeroIsSignificant>
            <optionSet/>
            <formName></formName>
        </dataElement>
    </dataElements>
    <dataSets>
        <dataSet code="Population" name="Population" lastUpdated="2012-09-17T00:35:48.806+0000" shortName="Population" id="Az7yGdS293Y">
            <mobile>false</mobile>
            <allowFuturePeriods>false</allowFuturePeriods>
            <version>1</version>
            <expiryDays>0</expiryDays>
            <skipAggregation>false</skipAggregation>
            <periodType>Yearly</periodType>
            <dataElements>
                <dataElement name="Population" lastUpdated="2010-06-25T04:00:00.000+0000" id="xX6RDH6AZTK"/>
            </dataElements>
            <organisationUnits>
                <organisationUnit name="Dera 3" lastUpdated="2010-06-25T04:00:00.000+0000" id="aIcvQNxayH8"/>
                <organisationUnit name="Mareko" lastUpdated="2010-06-25T04:00:00.000+0000" id="HdGggbUi4FL"/>
                <organisationUnit name="Yemalogi Welel" lastUpdated="2010-06-25T04:00:00.000+0000" id="z3xeCjU8ME9"/>
                <organisationUnit name="Shay Bench" lastUpdated="2011-11-09T05:00:00.000+0000" id="NVBVsEYAcLu"/>
                <organisationUnit name="Dugda" lastUpdated="2011-11-09T05:00:00.000+0000" id="hLAqeOKxUGT"/>
                <organisationUnit name="Dawe Kachen" lastUpdated="2010-06-25T04:00:00.000+0000" id="rtbMkWkEt6P"/>
                <organisationUnit name="Bako Tibe" lastUpdated="2011-11-09T05:00:00.000+0000" id="jbVp6WmGKL1"/>
                <organisationUnit name="Cheha" lastUpdated="2011-11-09T05:00:00.000+0000" id="aKi49FhFj6u"/>
                <organisationUnit name="Bereh" lastUpdated="2011-11-09T05:00:00.000+0000" id="sJcDVWcLG8u"/>
                <organisationUnit name="Babile 2" lastUpdated="2010-06-25T04:00:00.000+0000" id="lkg2FBde24C"/>
                <organisationUnit name="Dejen" lastUpdated="2011-11-09T05:00:00.000+0000" id="Hk1opeUMlR2"/>
                <organisationUnit name="Gog" lastUpdated="2011-11-09T05:00:00.000+0000" id="eaWwv2G7H7d"/>
                <organisationUnit name="Hitosa" lastUpdated="2011-11-09T05:00:00.000+0000" id="px0pfk7PGpK"/>
                <organisationUnit name="Aneded" lastUpdated="2010-06-25T04:00:00.000+0000" id="JiZ7WSQshve"/>
                <organisationUnit name="Sehala" lastUpdated="2010-06-25T04:00:00.000+0000" id="qmPfcwJ3K0B"/>
                <organisationUnit name="Ayira" lastUpdated="2011-11-09T05:00:00.000+0000" id="a0TEaE4SO3j"/>
                <organisationUnit name="Mengesh" lastUpdated="2010-06-25T04:00:00.000+0000" id="fAegLUL2jH4"/>
                <organisationUnit name="Merab Badwacho" lastUpdated="2010-06-25T04:00:00.000+0000" id="LqcQjRwQ7Cd"/>
                <organisationUnit name="Wonchi" lastUpdated="2011-11-09T05:00:00.000+0000" id="kIGBDS13BJc"/>
                <organisationUnit name="Gomibora" lastUpdated="2010-06-25T04:00:00.000+0000" id="fxSqofzC5nY"/>
                <organisationUnit name="Deniboya" lastUpdated="2010-06-25T04:00:00.000+0000" id="N5YoGXwtfP9"/>
                <organisationUnit name="Quara" lastUpdated="2011-11-09T05:00:00.000+0000" id="m4f7YR2Ik4U"/>
                <organisationUnit name="West Arsi" lastUpdated="2011-11-09T05:00:00.000+0000" id="G62FiDhaQFz"/>
                <organisationUnit name="Meta" lastUpdated="2011-11-09T05:00:00.000+0000" id="V9Sj6jfenw4"/>
                <organisationUnit name="Chora" lastUpdated="2011-11-09T05:00:00.000+0000" id="x1x5Zm9U4CW"/>
                <organisationUnit name="Dembia" lastUpdated="2011-11-09T05:00:00.000+0000" id="P9GgjHnMkRa"/>
                <organisationUnit name="Geladin" lastUpdated="2011-11-09T05:00:00.000+0000" id="VL4RFZT7TWZ"/>
                <organisationUnit name="Gerbo" lastUpdated="2011-11-09T05:00:00.000+0000" id="JsaeopZK1WD"/>
                <organisationUnit name="Sankura" lastUpdated="2010-06-25T04:00:00.000+0000" id="u23lYabejJP"/>
                <organisationUnit name="Didu" lastUpdated="2010-06-25T04:00:00.000+0000" id="nOacVjjr1Pi"/>
                <organisationUnit name="Menjiwo" lastUpdated="2011-11-09T05:00:00.000+0000" id="vQ4YrW6Gedx"/>
                <organisationUnit name="Dubti" lastUpdated="2011-11-09T05:00:00.000+0000" id="ihcDMzGkGmK"/>
                <organisationUnit name="BENISHANGUL-GUMUZ" lastUpdated="2011-11-08T05:00:00.000+0000" id="V8jqOuony5R"/>
                <organisationUnit name="Muhor Na Aklil" lastUpdated="2010-06-25T04:00:00.000+0000" id="zYd99OdApX2"/>
                <organisationUnit name="Yaso" lastUpdated="2011-11-09T05:00:00.000+0000" id="U8IiBamLS9c"/>
                <organisationUnit name="Shebe Senbo" lastUpdated="2010-06-25T04:00:00.000+0000" id="AoCvR0Nkors"/>
                <organisationUnit name="Sodo Zuria" lastUpdated="2011-11-09T05:00:00.000+0000" id="PnBCr0OoX94"/>
                <organisationUnit name="Nyangatom" lastUpdated="2010-06-25T04:00:00.000+0000" id="nKOHFZqa75c"/>
                <organisationUnit name="Teru" lastUpdated="2011-11-09T05:00:00.000+0000" id="Na9i1hMA28M"/>
                <organisationUnit name="Ensaro" lastUpdated="2010-06-25T04:00:00.000+0000" id="sNUT37hCBDF"/>
                <organisationUnit name="Abobo" lastUpdated="2011-11-09T05:00:00.000+0000" id="rpDm8insOJJ"/>
                <organisationUnit name="Kewet 2" lastUpdated="2010-06-25T04:00:00.000+0000" id="ZEag9BhdZXC"/>
                <organisationUnit name="Akobo" lastUpdated="2011-11-09T05:00:00.000+0000" id="yE5Cuyk2gAU"/>
                <organisationUnit name="Asayita" lastUpdated="2011-11-09T05:00:00.000+0000" id="wANUl3Iybjm"/>
                <organisationUnit name="Yubdo" lastUpdated="2011-11-09T05:00:00.000+0000" id="WqjKvs0Kr4P"/>
                <organisationUnit name="Gursum" lastUpdated="2011-11-09T05:00:00.000+0000" id="tT5PSj29d8y"/>
                <organisationUnit name="Jijiga-Zone" lastUpdated="2010-06-25T04:00:00.000+0000" id="dMkKtadqqGX"/>
                <organisationUnit name="Efrata Gidim 2" lastUpdated="2011-11-09T05:00:00.000+0000" id="S6GDH74NkVW"/>
                <organisationUnit name="Yalo" lastUpdated="2011-11-09T05:00:00.000+0000" id="BVMaEtQ7wlk"/>
                <organisationUnit name="Degem 2" lastUpdated="2010-06-25T04:00:00.000+0000" id="ZBSfg45MVtq"/>
                <organisationUnit name="Meda Welabu" lastUpdated="2011-11-09T05:00:00.000+0000" id="yH8aXBM1JtQ"/>
                <organisationUnit name="Tarma Ber" lastUpdated="2011-11-09T05:00:00.000+0000" id="QovlwOWALko"/>
                <organisationUnit name="Machakel" lastUpdated="2011-11-09T05:00:00.000+0000" id="DPc71mbJL5e"/>
                <organisationUnit name="Boloso Bonibe" lastUpdated="2010-06-25T04:00:00.000+0000" id="PyoKulssHr6"/>
                <organisationUnit name="Debewoin" lastUpdated="2011-11-09T05:00:00.000+0000" id="LYjLbSSR72m"/>
                <organisationUnit name="Berbere" lastUpdated="2011-11-09T05:00:00.000+0000" id="AWdVFN4P85Y"/>
                <organisationUnit name="Dita" lastUpdated="2011-11-09T05:00:00.000+0000" id="oi4LPpCHrlo"/>
                <organisationUnit name="Lemo" lastUpdated="2010-06-25T04:00:00.000+0000" id="kyMwtIByFrL"/>
                <organisationUnit name="Mulo 3" lastUpdated="2010-06-25T04:00:00.000+0000" id="lF3DEroRFPq"/>
                <organisationUnit name="Menz Keya Gebreal 2" lastUpdated="2010-06-25T04:00:00.000+0000" id="mOkYXkGmmFM"/>
                <organisationUnit name="Tselemet" lastUpdated="2010-06-25T04:00:00.000+0000" id="FZIBPKqLPEP"/>
                <organisationUnit name="Bensa" lastUpdated="2011-11-09T05:00:00.000+0000" id="VX90o6SY1C5"/>
                <organisationUnit name="Diga" lastUpdated="2011-11-09T05:00:00.000+0000" id="dmZYx1q2Vbs"/>
                <organisationUnit name="Central Tigray" lastUpdated="2011-11-09T05:00:00.000+0000" id="BmbXa3QCdG4"/>
                <organisationUnit name="Zala" lastUpdated="2011-11-09T05:00:00.000+0000" id="NoBtIALA333"/>
                <organisationUnit name="Sinan" lastUpdated="2010-06-25T04:00:00.000+0000" id="IqBcTrBdUG3"/>
                <organisationUnit name="Hula" lastUpdated="2011-11-09T05:00:00.000+0000" id="Yrb5gp6yBmW"/>
                <organisationUnit name="East Hararge" lastUpdated="2011-11-09T05:00:00.000+0000" id="ZA6zj8o2WeS"/>
                <organisationUnit name="Berehet 2" lastUpdated="2010-06-25T04:00:00.000+0000" id="Vgb7J64EUJI"/>
                <organisationUnit name="Gishe" lastUpdated="2011-11-09T05:00:00.000+0000" id="siMus1Gqsrz"/>
                <organisationUnit name="Deramalo" lastUpdated="2010-06-25T04:00:00.000+0000" id="qQNuHbNVdoa"/>
                <organisationUnit name="Bora" lastUpdated="2010-06-25T04:00:00.000+0000" id="krJ2FrhQqQZ"/>
                <organisationUnit name="West Shewa" lastUpdated="2011-11-09T05:00:00.000+0000" id="ek1YJJnPdXr"/>
                <organisationUnit name="Weyib" lastUpdated="2010-06-25T04:00:00.000+0000" id="EGWheAbZodS"/>
                <organisationUnit name="Girja" lastUpdated="2010-06-25T04:00:00.000+0000" id="W3045fLqGbF"/>
                <organisationUnit name="Hagere Mariam Kesem 2" lastUpdated="2011-11-09T05:00:00.000+0000" id="i9EJawTdfEs"/>
                <organisationUnit name="Sekela" lastUpdated="2011-11-09T05:00:00.000+0000" id="C8QlqMe0zoF"/>
                <organisationUnit name="South Wello" lastUpdated="2011-11-09T05:00:00.000+0000" id="F0IZqqy7QZQ"/>
                <organisationUnit name="Angacha" lastUpdated="2011-11-09T05:00:00.000+0000" id="XaxrRVTkqYv"/>
                <organisationUnit name="Dinsho" lastUpdated="2010-06-25T04:00:00.000+0000" id="AFDs83vzzH9"/>
                <organisationUnit name="Bure Mudayitu" lastUpdated="2011-11-09T05:00:00.000+0000" id="QHf5XLgPg2U"/>
                <organisationUnit name="Delanta" lastUpdated="2010-06-25T04:00:00.000+0000" id="BPhJ2ctmVNW"/>
                <organisationUnit name="Uba Debre Tsehay" lastUpdated="2011-11-09T05:00:00.000+0000" id="ddDfb3zOpZ3"/>
                <organisationUnit name="Kori" lastUpdated="2010-06-25T04:00:00.000+0000" id="KS7q3QET7Yv"/>
                <organisationUnit name="Banja Shekudad" lastUpdated="2011-11-09T05:00:00.000+0000" id="mX93qRIurd2"/>
                <organisationUnit name="Guradamole 2" lastUpdated="2010-06-25T04:00:00.000+0000" id="lu4ex91r31S"/>
                <organisationUnit name="Fagita Lekoma" lastUpdated="2011-11-09T05:00:00.000+0000" id="DwsvBmJSIr2"/>
                <organisationUnit name="Kemashi" lastUpdated="2011-11-09T05:00:00.000+0000" id="Ah2ga7MgVUQ"/>
                <organisationUnit name="Bore" lastUpdated="2011-11-09T05:00:00.000+0000" id="rgNus456fle"/>
                <organisationUnit name="Wama Hagelo" lastUpdated="2010-06-25T04:00:00.000+0000" id="GxghrwEw7iG"/>
                <organisationUnit name="Dawe Serer" lastUpdated="2010-06-25T04:00:00.000+0000" id="M60SRr7PORE"/>
                <organisationUnit name="Shirka" lastUpdated="2011-11-09T05:00:00.000+0000" id="qlP6Vr6xB8U"/>
                <organisationUnit name="Menz Gera Midir" lastUpdated="2010-06-25T04:00:00.000+0000" id="l3ck5nR85DK"/>
                <organisationUnit name="Sire" lastUpdated="2010-06-25T04:00:00.000+0000" id="eJJv65Y0tK1"/>
                <organisationUnit name="Gewane" lastUpdated="2011-11-09T05:00:00.000+0000" id="pHb9BkBQwcb"/>
                <organisationUnit name="Nono Sele" lastUpdated="2010-06-25T04:00:00.000+0000" id="ACzt4FsG8su"/>
                <organisationUnit name="Merab Armachoho" lastUpdated="2010-06-25T04:00:00.000+0000" id="PVerWJPXH6H"/>
                <organisationUnit name="Abichuna Gnaa" lastUpdated="2010-06-25T04:00:00.000+0000" id="sCSad8fa3E2"/>
                <organisationUnit name="Bita" lastUpdated="2011-11-09T05:00:00.000+0000" id="lhUKjE9WNOc"/>
                <organisationUnit name="Degehamedo" lastUpdated="2011-11-09T05:00:00.000+0000" id="rEpoZNNcygq"/>
                <organisationUnit name="Shinile Wereda" lastUpdated="2011-11-09T05:00:00.000+0000" id="sMsTa8MNjT8"/>
                <organisationUnit name="Dima 2" lastUpdated="2010-06-25T04:00:00.000+0000" id="kwIXpMrbGtZ"/>
                <organisationUnit name="Jama" lastUpdated="2011-11-09T05:00:00.000+0000" id="l1z7uf5nO3O"/>
                <organisationUnit name="Menesibu" lastUpdated="2010-06-25T04:00:00.000+0000" id="aTHb9IJjWK5"/>
                <organisationUnit name="Goro Gutu" lastUpdated="2011-11-09T05:00:00.000+0000" id="CCl8yTIbxad"/>
                <organisationUnit name="Limu Seka" lastUpdated="2011-11-09T05:00:00.000+0000" id="PVtPIcT5ztk"/>
                <organisationUnit name="Tiro Afeta" lastUpdated="2011-11-09T05:00:00.000+0000" id="lsIndqLTBBJ"/>
                <organisationUnit name="Hidabu Abote" lastUpdated="2011-11-09T05:00:00.000+0000" id="ASnoMD8GOhv"/>
                <organisationUnit name="Dale Sadi" lastUpdated="2011-11-09T05:00:00.000+0000" id="TN0LQvJFlwd"/>
                <organisationUnit name="Gorche" lastUpdated="2010-06-25T04:00:00.000+0000" id="tdjb5WGt1vO"/>
                <organisationUnit name="Guba Koricha" lastUpdated="2010-06-25T04:00:00.000+0000" id="pXPp1FhWpyK"/>
                <organisationUnit name="Erob" lastUpdated="2012-09-17T00:43:04.138+0000" id="K6aUpoKn8IM"/>
                <organisationUnit name="Yaya Gulele" lastUpdated="2011-11-09T05:00:00.000+0000" id="aRSvfYyjpji"/>
                <organisationUnit name="HARARI" lastUpdated="2011-11-08T05:00:00.000+0000" id="zZOYOayXSSR"/>
                <organisationUnit name="Alefa" lastUpdated="2011-11-09T05:00:00.000+0000" id="UCsKmmMkUCm"/>
                <organisationUnit name="Gode Wereda" lastUpdated="2011-11-09T05:00:00.000+0000" id="YNfDBeeMD9j"/>
                <organisationUnit name="Jimma" lastUpdated="2011-11-09T05:00:00.000+0000" id="K4wIYgeEMhZ"/>
                <organisationUnit name="Haru" lastUpdated="2011-11-09T05:00:00.000+0000" id="oFha55JEhug"/>
                <organisationUnit name="Arero" lastUpdated="2011-11-09T05:00:00.000+0000" id="SRYjSONlmPH"/>
                <organisationUnit name="Degem" lastUpdated="2011-11-09T05:00:00.000+0000" id="Sv0BG0TTokc"/>
                <organisationUnit name="Legehida" lastUpdated="2011-11-09T05:00:00.000+0000" id="KhInYD8Mtax"/>
                <organisationUnit name="Mezhenger-Zone" lastUpdated="2010-06-25T04:00:00.000+0000" id="dzgSMPr8ZBX"/>
                <organisationUnit name="Guraferda" lastUpdated="2010-06-25T04:00:00.000+0000" id="O8lQTEE8pEp"/>
                <organisationUnit name="Etang" lastUpdated="2011-11-09T05:00:00.000+0000" id="NuG9yHRSEMP"/>
                <organisationUnit name="Nono" lastUpdated="2011-11-09T05:00:00.000+0000" id="SP2BISA2iT8"/>
                <organisationUnit name="Mustahil" lastUpdated="2011-11-09T05:00:00.000+0000" id="wVJTg4UqjYE"/>
                <organisationUnit name="Amaro Special Wereda" lastUpdated="2011-11-09T05:00:00.000+0000" id="eC0c09lHrn7"/>
                <organisationUnit name="Artuma Fursi" lastUpdated="2011-11-09T05:00:00.000+0000" id="u8Aret2GyBk"/>
                <organisationUnit name="Yeka" lastUpdated="2011-11-09T05:00:00.000+0000" id="y1iR4ewqLFk"/>
                <organisationUnit name="Southern Tigray" lastUpdated="2011-11-09T05:00:00.000+0000" id="Pcutw8T2HoO"/>
                <organisationUnit name="West Wellega" lastUpdated="2011-11-09T05:00:00.000+0000" id="TaRE9swM3hm"/>
                <organisationUnit name="Wendo Genet" lastUpdated="2010-06-25T04:00:00.000+0000" id="a3KARX0HWvW"/>
                <organisationUnit name="Aware" lastUpdated="2011-11-09T05:00:00.000+0000" id="Xg62Sjo2Krl"/>
                <organisationUnit name="Sekota 2" lastUpdated="2011-11-09T05:00:00.000+0000" id="LCacD7CtN9b"/>
                <organisationUnit name="Arsi" lastUpdated="2011-11-09T05:00:00.000+0000" id="mQ4t9IVLCoI"/>
                <organisationUnit name="Basketo" lastUpdated="2011-11-09T05:00:00.000+0000" id="sFGs3f4jUVq"/>
                <organisationUnit name="Mekdela" lastUpdated="2011-11-09T05:00:00.000+0000" id="QHkL2CV9JLW"/>
                <organisationUnit name="Goba" lastUpdated="2011-11-09T05:00:00.000+0000" id="NH4Hiyf3ySW"/>
                <organisationUnit name="Gobu Seyo" lastUpdated="2010-06-25T04:00:00.000+0000" id="cXJpNoPFd4I"/>
                <organisationUnit name="Abeshge" lastUpdated="2010-06-25T04:00:00.000+0000" id="WRJgHDNHufh"/>
                <organisationUnit name="Malga" lastUpdated="2010-06-25T04:00:00.000+0000" id="y9nYHAMKNAW"/>
                <organisationUnit name="Endamehoni" lastUpdated="2011-11-09T05:00:00.000+0000" id="P2iRJGX5dqx"/>
                <organisationUnit name="Kola Temben" lastUpdated="2011-11-09T05:00:00.000+0000" id="MdTUDTXHcGT"/>
                <organisationUnit name="Abuna Gindeberet" lastUpdated="2010-06-25T04:00:00.000+0000" id="cAfxlN3MbE4"/>
                <organisationUnit name="Guangua" lastUpdated="2011-11-09T05:00:00.000+0000" id="XlL752Q38iI"/>
                <organisationUnit name="Goro Bekeksa" lastUpdated="2011-11-09T05:00:00.000+0000" id="w8SWg7KKWTn"/>
                <organisationUnit name="South Omo" lastUpdated="2011-11-09T05:00:00.000+0000" id="CI9EazHqnBr"/>
                <organisationUnit name="Minjar Shenkora 2" lastUpdated="2010-06-25T04:00:00.000+0000" id="UWn0wsusfeI"/>
                <organisationUnit name="Sululta 2" lastUpdated="2010-06-25T04:00:00.000+0000" id="nEDWylObHwA"/>
                <organisationUnit name="Setema" lastUpdated="2011-11-09T05:00:00.000+0000" id="JoWN430hEDj"/>
                <organisationUnit name="Tanqua Abergele" lastUpdated="2011-11-09T05:00:00.000+0000" id="DFjj3dhpijk"/>
                <organisationUnit name="Shebel Berenta" lastUpdated="2011-11-09T05:00:00.000+0000" id="xzGSSXx3vXx"/>
                <organisationUnit name="Boh" lastUpdated="2011-11-09T05:00:00.000+0000" id="M4KzzwTUPfV"/>
                <organisationUnit name="Siraro" lastUpdated="2011-11-09T05:00:00.000+0000" id="xfcjUSpuAMb"/>
                <organisationUnit name="Dembecha" lastUpdated="2011-11-09T05:00:00.000+0000" id="yWcfpdZhR43"/>
                <organisationUnit name="Haro Maya" lastUpdated="2011-11-09T05:00:00.000+0000" id="q0oKb0BsIjh"/>
                <organisationUnit name="Laelay Adiyabo" lastUpdated="2011-11-09T05:00:00.000+0000" id="v3nVv7Y6Pdi"/>
                <organisationUnit name="Kalu" lastUpdated="2011-11-09T05:00:00.000+0000" id="caTpBXZDBVh"/>
                <organisationUnit name="Dale Wabera" lastUpdated="2010-06-25T04:00:00.000+0000" id="XEYB2ARhFml"/>
                <organisationUnit name="Burji Special Wereda" lastUpdated="2011-11-09T05:00:00.000+0000" id="IJVjxta6skI"/>
                <organisationUnit name="Kedida Gamela" lastUpdated="2011-11-09T05:00:00.000+0000" id="igL0lkyTFQE"/>
                <organisationUnit name="Argoba Liyu" lastUpdated="2010-06-25T04:00:00.000+0000" id="TzKQgzfdKsM"/>
                <organisationUnit name="Male" lastUpdated="2010-06-25T04:00:00.000+0000" id="dONI1Iq2ybu"/>
                <organisationUnit name="Awi" lastUpdated="2011-11-09T05:00:00.000+0000" id="DIbSAZrN66T"/>
                <organisationUnit name="Debub Achefer" lastUpdated="2010-06-25T04:00:00.000+0000" id="u6q02uWanxF"/>
                <organisationUnit name="Merab Belsa" lastUpdated="2010-06-25T04:00:00.000+0000" id="Bz22be8niR0"/>
                <organisationUnit name="Bona Zuria" lastUpdated="2010-06-25T04:00:00.000+0000" id="qHv7NUqW6s1"/>
                <organisationUnit name="Kobo" lastUpdated="2011-11-09T05:00:00.000+0000" id="eH9zM9Yzq9F"/>
                <organisationUnit name="Kersa" lastUpdated="2011-11-09T05:00:00.000+0000" id="L1vJDQyrqkS"/>
                <organisationUnit name="Kimbibit" lastUpdated="2011-11-09T05:00:00.000+0000" id="UgFi4IVUEZM"/>
                <organisationUnit name="Enarj Enawga" lastUpdated="2011-11-09T05:00:00.000+0000" id="eSdP2pBXftR"/>
                <organisationUnit name="Meket" lastUpdated="2011-11-09T05:00:00.000+0000" id="M501nwZ7rx0"/>
                <organisationUnit name="Gewata" lastUpdated="2011-11-09T05:00:00.000+0000" id="pFA0JbNMsCb"/>
                <organisationUnit name="Borecha" lastUpdated="2011-11-09T05:00:00.000+0000" id="v9xPnohmUp1"/>
                <organisationUnit name="Konta" lastUpdated="2010-06-25T04:00:00.000+0000" id="xhOjDwgptiP"/>
                <organisationUnit name="Lalo Asabi" lastUpdated="2011-11-09T05:00:00.000+0000" id="JdnYpivEQAS"/>
                <organisationUnit name="Dibate" lastUpdated="2011-11-09T05:00:00.000+0000" id="aW2LuULsEgp"/>
                <organisationUnit name="Imiberi" lastUpdated="2010-06-25T04:00:00.000+0000" id="b1omYveKjbt"/>
                <organisationUnit name="Hurumu" lastUpdated="2010-06-25T04:00:00.000+0000" id="ErbKo2RN54t"/>
                <organisationUnit name="Cheta" lastUpdated="2011-11-09T05:00:00.000+0000" id="j9CvNq2i7nJ"/>
                <organisationUnit name="Sayint" lastUpdated="2011-11-09T05:00:00.000+0000" id="Zz6ygl47sI5"/>
                <organisationUnit name="Dawunt" lastUpdated="2011-11-09T05:00:00.000+0000" id="DZV0ERDn2BA"/>
                <organisationUnit name="Humbo" lastUpdated="2011-11-09T05:00:00.000+0000" id="o0we8qlV0Le"/>
                <organisationUnit name="Legambo" lastUpdated="2011-11-09T05:00:00.000+0000" id="wKCxRDCuhKy"/>
                <organisationUnit name="Ibantu" lastUpdated="2011-11-09T05:00:00.000+0000" id="nRezlWCsCCh"/>
                <organisationUnit name="Gudeya Bila" lastUpdated="2010-06-25T04:00:00.000+0000" id="eFMeFHzM6R8"/>
                <organisationUnit name="Sirba Abay" lastUpdated="2011-11-09T05:00:00.000+0000" id="LqcnUFFIA6O"/>
                <organisationUnit name="Ziquala" lastUpdated="2011-11-09T05:00:00.000+0000" id="jaU0kTzl13Q"/>
                <organisationUnit name="Adola" lastUpdated="2011-11-09T05:00:00.000+0000" id="v7pgsE7WDzA"/>
                <organisationUnit name="Kindo Didaye" lastUpdated="2010-06-25T04:00:00.000+0000" id="DVJrLaryNr1"/>
                <organisationUnit name="Sidama" lastUpdated="2011-11-09T05:00:00.000+0000" id="Q6EcfHcpBsR"/>
                <organisationUnit name="Gulele" lastUpdated="2011-11-09T05:00:00.000+0000" id="gmj9svQ6NLb"/>
                <organisationUnit name="Chole" lastUpdated="2011-11-09T05:00:00.000+0000" id="Z2vkzPd0DY8"/>
                <organisationUnit name="Anderacha" lastUpdated="2011-11-09T05:00:00.000+0000" id="ddxlaSkJY3g"/>
                <organisationUnit name="Guliso" lastUpdated="2010-06-25T04:00:00.000+0000" id="s2bxIlSCdoq"/>
                <organisationUnit name="Selamago" lastUpdated="2011-11-09T05:00:00.000+0000" id="gJsqDwUEpm7"/>
                <organisationUnit name="Kebri Beyah" lastUpdated="2011-11-09T05:00:00.000+0000" id="Io3wCmQ1s6N"/>
                <organisationUnit name="Abichuna Gnaa 2" lastUpdated="2011-11-09T05:00:00.000+0000" id="yh7NXuTaTCT"/>
                <organisationUnit name="Isara" lastUpdated="2011-11-09T05:00:00.000+0000" id="XXHOSiu3OVP"/>
                <organisationUnit name="Jile Timuga" lastUpdated="2011-11-09T05:00:00.000+0000" id="dK4WIWF8qs0"/>
                <organisationUnit name="Mandura" lastUpdated="2011-11-09T05:00:00.000+0000" id="bARw6WlUU2y"/>
                <organisationUnit name="Debre Elias" lastUpdated="2010-06-25T04:00:00.000+0000" id="TsfGj0UCfW7"/>
                <organisationUnit name="Limuna Bilbilo" lastUpdated="2010-06-25T04:00:00.000+0000" id="oANhLJ5Gtb2"/>
                <organisationUnit name="Jawi" lastUpdated="2010-06-25T04:00:00.000+0000" id="bhv4tnulK5B"/>
                <organisationUnit name="Burji" lastUpdated="2011-11-09T05:00:00.000+0000" id="HxbCAXaWTbl"/>
                <organisationUnit name="Degehabur Wereda" lastUpdated="2011-11-09T05:00:00.000+0000" id="abqaRtxCubC"/>
                <organisationUnit name="Debay Tilatgen" lastUpdated="2011-11-09T05:00:00.000+0000" id="yZISnezIirg"/>
                <organisationUnit name="Meyu Muluke" lastUpdated="2011-11-09T05:00:00.000+0000" id="R2Psq5VlsxE"/>
                <organisationUnit name="Tahtay Adiyabo" lastUpdated="2011-11-09T05:00:00.000+0000" id="xj8VbqAKUxk"/>
                <organisationUnit name="Gololcha" lastUpdated="2011-11-09T05:00:00.000+0000" id="VM6e8qXlToP"/>
                <organisationUnit name="Gasera" lastUpdated="2011-11-09T05:00:00.000+0000" id="M944SNRlIWn"/>
                <organisationUnit name="Cheko" lastUpdated="2010-06-25T04:00:00.000+0000" id="VFo19hIrqr2"/>
                <organisationUnit name="Takusa" lastUpdated="2010-06-25T04:00:00.000+0000" id="bIbbb7YncIF"/>
                <organisationUnit name="Aleltu 2" lastUpdated="2010-06-25T04:00:00.000+0000" id="FCrlNLyZ5O8"/>
                <organisationUnit name="Sumu Robi" lastUpdated="2011-11-09T05:00:00.000+0000" id="VaMmiF2nVCX"/>
                <organisationUnit name="Kofele" lastUpdated="2011-11-09T05:00:00.000+0000" id="A25X3THG8Hr"/>
                <organisationUnit name="Ofla" lastUpdated="2011-11-09T05:00:00.000+0000" id="AtdWPfVBpvc"/>
                <organisationUnit name="Abey Chomen" lastUpdated="2011-11-09T05:00:00.000+0000" id="YLdEF3GYzEL"/>
                <organisationUnit name="Udet" lastUpdated="2010-06-25T04:00:00.000+0000" id="gspVIWIWq9r"/>
                <organisationUnit name="Seka Chekorsa" lastUpdated="2011-11-09T05:00:00.000+0000" id="DBTZNZyC72h"/>
                <organisationUnit name="East Gojjam" lastUpdated="2011-11-09T05:00:00.000+0000" id="r5ZVWd83Jrj"/>
                <organisationUnit name="Kacha Bira" lastUpdated="2011-11-09T05:00:00.000+0000" id="UR7AsQawVNp"/>
                <organisationUnit name="Kindo Koyisha" lastUpdated="2011-11-09T05:00:00.000+0000" id="EgKXhcHMET2"/>
                <organisationUnit name="Yem Special Wereda" lastUpdated="2011-11-09T05:00:00.000+0000" id="fKTc3cvqODB"/>
                <organisationUnit name="Mojana Waderea 2" lastUpdated="2010-06-25T04:00:00.000+0000" id="dvnhJ4xO2lg"/>
                <organisationUnit name="South Gondar" lastUpdated="2011-11-09T05:00:00.000+0000" id="HXzFq56d1u5"/>
                <organisationUnit name="Dera" lastUpdated="2011-11-09T05:00:00.000+0000" id="vDH1A5HKuGK"/>
                <organisationUnit name="Oromia Zone" lastUpdated="2011-11-09T05:00:00.000+0000" id="ZF8d4OB98Ez"/>
                <organisationUnit name="Ebinat" lastUpdated="2011-11-09T05:00:00.000+0000" id="sMhH95UtPwk"/>
                <organisationUnit name="Aleltu" lastUpdated="2010-06-25T04:00:00.000+0000" id="YRsqRK60Aq7"/>
                <organisationUnit name="Keffa" lastUpdated="2011-11-09T05:00:00.000+0000" id="sP3vq3aywT2"/>
                <organisationUnit name="AMHARA" lastUpdated="2012-09-17T18:00:40.859+0000" id="Nx22rjoSqDu"/>
                <organisationUnit name="Sayilem" lastUpdated="2010-06-25T04:00:00.000+0000" id="pdwLP4n2N0a"/>
                <organisationUnit name="Menz Keya Gebreal" lastUpdated="2010-06-25T04:00:00.000+0000" id="arepfFN8LcI"/>
                <organisationUnit name="Wayu Tuka" lastUpdated="2010-06-25T04:00:00.000+0000" id="We2Bh6cv0FM"/>
                <organisationUnit name="Ewa" lastUpdated="2011-11-09T05:00:00.000+0000" id="kWCqLdHKlso"/>
                <organisationUnit name="Mereb Lehe" lastUpdated="2011-11-09T05:00:00.000+0000" id="XBVYVzOjKqF"/>
                <organisationUnit name="Dodota" lastUpdated="2011-11-09T05:00:00.000+0000" id="m1oeAp4RlA8"/>
                <organisationUnit name="Ofa" lastUpdated="2011-11-09T05:00:00.000+0000" id="UURfSXOz5nJ"/>
                <organisationUnit name="Chiro Zuria" lastUpdated="2011-11-09T05:00:00.000+0000" id="hjcQMFINaSS"/>
                <organisationUnit name="Doba" lastUpdated="2011-11-09T05:00:00.000+0000" id="GSmsZnHtYHL"/>
                <organisationUnit name="Libokemkem" lastUpdated="2010-06-25T04:00:00.000+0000" id="B8FVcMuBE2z"/>
                <organisationUnit name="Kercha" lastUpdated="2010-06-25T04:00:00.000+0000" id="DVIoWso7cDn"/>
                <organisationUnit name="Merhabete" lastUpdated="2010-06-25T04:00:00.000+0000" id="EbCNivLLLIF"/>
                <organisationUnit name="TIGRAY" lastUpdated="2012-09-17T18:00:57.855+0000" id="gfQLUbPVd8w"/>
                <organisationUnit name="Agnewak" lastUpdated="2011-11-09T05:00:00.000+0000" id="ighZja3lAPy"/>
                <organisationUnit name="Tena" lastUpdated="2011-11-09T05:00:00.000+0000" id="eGNinXA8TcH"/>
                <organisationUnit name="Nejo" lastUpdated="2011-11-09T05:00:00.000+0000" id="MO1m7fmX7B9"/>
                <organisationUnit name="Mile" lastUpdated="2011-11-09T05:00:00.000+0000" id="PbYdEQoEXjK"/>
                <organisationUnit name="Limu Kosa" lastUpdated="2011-11-09T05:00:00.000+0000" id="RKfdutPB7X2"/>
                <organisationUnit name="Sodo" lastUpdated="2011-11-09T05:00:00.000+0000" id="h0GJ1Quehmm"/>
                <organisationUnit name="Megale" lastUpdated="2011-11-09T05:00:00.000+0000" id="R12QIPzZnHa"/>
                <organisationUnit name="Warder" lastUpdated="2011-11-09T05:00:00.000+0000" id="NLj55X0mprr"/>
                <organisationUnit name="Mareka" lastUpdated="2011-11-09T05:00:00.000+0000" id="p9cRVT4mmm0"/>
                <organisationUnit name="Jima Arjo" lastUpdated="2011-11-09T05:00:00.000+0000" id="PpDQKtZ7koT"/>
                <organisationUnit name="Dega Damot" lastUpdated="2011-11-09T05:00:00.000+0000" id="DF5fPVGHwrN"/>
                <organisationUnit name="Alicho Werero" lastUpdated="2011-11-09T05:00:00.000+0000" id="SyRhitmrhVF"/>
                <organisationUnit name="Afker" lastUpdated="2011-11-09T05:00:00.000+0000" id="taJWTvF04dA"/>
                <organisationUnit name="Ankasha Guagusa" lastUpdated="2011-11-09T05:00:00.000+0000" id="KU2tO4u4QiF"/>
                <organisationUnit name="Debere Libanos" lastUpdated="2010-06-25T04:00:00.000+0000" id="ZyzuRxaAXiW"/>
                <organisationUnit name="Sheko" lastUpdated="2011-11-09T05:00:00.000+0000" id="Agqo5MdvJ28"/>
                <organisationUnit name="Elfata" lastUpdated="2010-06-25T04:00:00.000+0000" id="ml9JLfO5YLR"/>
                <organisationUnit name="Ambo Zuria" lastUpdated="2011-11-09T05:00:00.000+0000" id="uWwu5xBrdRG"/>
                <organisationUnit name="Belojegonfoy" lastUpdated="2011-11-09T05:00:00.000+0000" id="ewklIn38hnL"/>
                <organisationUnit name="Horo Gudru Welega" lastUpdated="2010-06-25T04:00:00.000+0000" id="z3GLxdDU64G"/>
                <organisationUnit name="Ezha" lastUpdated="2011-11-09T05:00:00.000+0000" id="WLMarQzpRXF"/>
                <organisationUnit name="Gashamo" lastUpdated="2010-06-25T04:00:00.000+0000" id="yR1EXn7b9pa"/>
                <organisationUnit name="Kokosa" lastUpdated="2011-11-09T05:00:00.000+0000" id="Ew9yGj1YmZc"/>
                <organisationUnit name="Albuko" lastUpdated="2010-06-25T04:00:00.000+0000" id="qMLNzgKUgZm"/>
                <organisationUnit name="Medebay Zana" lastUpdated="2011-11-09T05:00:00.000+0000" id="PwaUUVf3O6k"/>
                <organisationUnit name="Asagirt 2" lastUpdated="2010-06-25T04:00:00.000+0000" id="BfzJKiDx6aG"/>
                <organisationUnit name="Dedo" lastUpdated="2011-11-09T05:00:00.000+0000" id="iZqAosEVDW1"/>
                <organisationUnit name="Amigna" lastUpdated="2011-11-09T05:00:00.000+0000" id="WBWKEmahXFB"/>
                <organisationUnit name="Kunoba" lastUpdated="2011-11-09T05:00:00.000+0000" id="mcT4JQyqgId"/>
                <organisationUnit name="Dano" lastUpdated="2011-11-09T05:00:00.000+0000" id="cpbnbceorqb"/>
                <organisationUnit name="Meta Robi" lastUpdated="2011-11-09T05:00:00.000+0000" id="Bbm34CXDJ8c"/>
                <organisationUnit name="Wadla" lastUpdated="2011-11-09T05:00:00.000+0000" id="UwI8xXwpTkr"/>
                <organisationUnit name="Debub Bench" lastUpdated="2010-06-25T04:00:00.000+0000" id="GZHHiLzYhh0"/>
                <organisationUnit name="Dodola" lastUpdated="2011-11-09T05:00:00.000+0000" id="rmGafkEzD8n"/>
                <organisationUnit name="Boji Dirmeji" lastUpdated="2011-11-09T05:00:00.000+0000" id="RM88I8xvXZc"/>
                <organisationUnit name="Dera 2" lastUpdated="2010-06-25T04:00:00.000+0000" id="pjcevQufMlS"/>
                <organisationUnit name="Ayida" lastUpdated="2010-06-25T04:00:00.000+0000" id="BpTjbkJNANP"/>
                <organisationUnit name="Debresina" lastUpdated="2010-06-25T04:00:00.000+0000" id="zXutMi6Va7d"/>
                <organisationUnit name="Gode" lastUpdated="2011-11-09T05:00:00.000+0000" id="w4feNkBOMZp"/>
                <organisationUnit name="Gimbo" lastUpdated="2011-11-09T05:00:00.000+0000" id="Zj8kjNwTs70"/>
                <organisationUnit name="Enemay" lastUpdated="2011-11-09T05:00:00.000+0000" id="OUi0SQARmep"/>
                <organisationUnit name="Lare" lastUpdated="2010-06-25T04:00:00.000+0000" id="M8PAAAK3VWB"/>
                <organisationUnit name="Boloso Sore" lastUpdated="2011-11-09T05:00:00.000+0000" id="UCz0udhmI95"/>
                <organisationUnit name="Farta" lastUpdated="2011-11-09T05:00:00.000+0000" id="e3CnScXSMh9"/>
                <organisationUnit name="Konta Special Wereda" lastUpdated="2011-11-09T05:00:00.000+0000" id="a0SSPKQA8gQ"/>
                <organisationUnit name="Nensebo" lastUpdated="2011-11-09T05:00:00.000+0000" id="CqinJMgufMJ"/>
                <organisationUnit name="Tselemti" lastUpdated="2011-11-09T05:00:00.000+0000" id="L5DTnwU6Gjf"/>
                <organisationUnit name="Hawassa Zuria" lastUpdated="2010-06-25T04:00:00.000+0000" id="IxoEO2pT6Cq"/>
                <organisationUnit name="Dihun" lastUpdated="2011-11-09T05:00:00.000+0000" id="aFy6XuoRdHu"/>
                <organisationUnit name="Seru" lastUpdated="2011-11-09T05:00:00.000+0000" id="cREyLkTJoFm"/>
                <organisationUnit name="Aroresa" lastUpdated="2011-11-09T05:00:00.000+0000" id="CK6NlpWFHLJ"/>
                <organisationUnit name="Gida Kiremu" lastUpdated="2011-11-09T05:00:00.000+0000" id="rvElpFmkeRW"/>
                <organisationUnit name="Huka /Halu/" lastUpdated="2010-06-25T04:00:00.000+0000" id="rCLdTiY97qk"/>
                <organisationUnit name="Seweyna" lastUpdated="2011-11-09T05:00:00.000+0000" id="OmSjh29iyDv"/>
                <organisationUnit name="Merhabete 2" lastUpdated="2010-06-25T04:00:00.000+0000" id="KhBmZtLSRmD"/>
                <organisationUnit name="Dire Dawa Wareda" lastUpdated="2010-06-25T04:00:00.000+0000" id="p0YBmMPv4Qb"/>
                <organisationUnit name="Mako" lastUpdated="2010-06-25T04:00:00.000+0000" id="rDyuGk3IZb1"/>
                <organisationUnit name="Teletele" lastUpdated="2011-11-09T05:00:00.000+0000" id="UfGbQ8qhSPp"/>
                <organisationUnit name="Ganta Afeshum" lastUpdated="2012-09-17T00:43:04.157+0000" id="UL0KsFjgD2X"/>
                <organisationUnit name="Awra" lastUpdated="2010-06-25T04:00:00.000+0000" id="GAEit5umRxh"/>
                <organisationUnit name="Tole" lastUpdated="2011-11-09T05:00:00.000+0000" id="NyfuBE4cdRx"/>
                <organisationUnit name="Ankober" lastUpdated="2011-11-09T05:00:00.000+0000" id="rIZuSjek7lm"/>
                <organisationUnit name="Quarit" lastUpdated="2011-11-09T05:00:00.000+0000" id="mY08cLm8jzy"/>
                <organisationUnit name="Harshin" lastUpdated="2011-11-09T05:00:00.000+0000" id="jh5LYDEDAeo"/>
                <organisationUnit name="Antsokiya Gemza" lastUpdated="2011-11-09T05:00:00.000+0000" id="BeHCJnyhjgi"/>
                <organisationUnit name="Tenta" lastUpdated="2011-11-09T05:00:00.000+0000" id="fzNROLNHG53"/>
                <organisationUnit name="Jima Genete" lastUpdated="2010-06-25T04:00:00.000+0000" id="c9H5SjbVp7e"/>
                <organisationUnit name="Adwa" lastUpdated="2011-11-09T05:00:00.000+0000" id="KBXiUeLkXaY"/>
                <organisationUnit name="Shashago" lastUpdated="2010-06-25T04:00:00.000+0000" id="AROu6DSmy4k"/>
                <organisationUnit name="Bench Maji" lastUpdated="2011-11-09T05:00:00.000+0000" id="S7rq1SzB9LG"/>
                <organisationUnit name="South West Shewa" lastUpdated="2011-11-09T05:00:00.000+0000" id="GKkSP3HAtuw"/>
                <organisationUnit name="Genabosa" lastUpdated="2011-11-09T05:00:00.000+0000" id="OfwM0NqqBvx"/>
                <organisationUnit name="Jijiga" lastUpdated="2011-11-09T05:00:00.000+0000" id="kxSQm919RDs"/>
                <organisationUnit name="Ale" lastUpdated="2011-11-09T05:00:00.000+0000" id="TIxT6GNXq4Y"/>
                <organisationUnit name="Were Jarso" lastUpdated="2011-11-09T05:00:00.000+0000" id="UpmFLr1A26F"/>
                <organisationUnit name="Mida Woremo" lastUpdated="2010-06-25T04:00:00.000+0000" id="oSRRcStbqaE"/>
                <organisationUnit name="Arbegona" lastUpdated="2011-11-09T05:00:00.000+0000" id="NDTxrtsWObV"/>
                <organisationUnit name="Mana" lastUpdated="2011-11-09T05:00:00.000+0000" id="cSq2NLxgvhJ"/>
                <organisationUnit name="Gelana" lastUpdated="2011-11-09T05:00:00.000+0000" id="KpxW3tiPHPj"/>
                <organisationUnit name="Nader Adet" lastUpdated="2011-11-09T05:00:00.000+0000" id="y8iJSduDFET"/>
                <organisationUnit name="Moyale" lastUpdated="2011-11-09T05:00:00.000+0000" id="Knm5eJZepUP"/>
                <organisationUnit name="Simada" lastUpdated="2011-11-09T05:00:00.000+0000" id="hF7L5AajwHg"/>
                <organisationUnit name="Metekel" lastUpdated="2011-11-09T05:00:00.000+0000" id="jAOmSQOwIUL"/>
                <organisationUnit name="Hadero Tunito" lastUpdated="2010-06-25T04:00:00.000+0000" id="PWDtFRRr3ip"/>
                <organisationUnit name="Tembaro" lastUpdated="2010-06-25T04:00:00.000+0000" id="xwxpQyMxtER"/>
                <organisationUnit name="North Shewa" lastUpdated="2011-11-09T05:00:00.000+0000" id="QSX143gBaXa"/>
                <organisationUnit name="Boneya Bushe" lastUpdated="2010-06-25T04:00:00.000+0000" id="j8P6xvlSy5W"/>
                <organisationUnit name="Janamora" lastUpdated="2011-11-09T05:00:00.000+0000" id="NqvhtR9NFmN"/>
                <organisationUnit name="Wenago" lastUpdated="2011-11-09T05:00:00.000+0000" id="WOteB5xBu3r"/>
                <organisationUnit name="SNNP" lastUpdated="2011-11-08T05:00:00.000+0000" id="QcHimcgxagp"/>
                <organisationUnit name="Goncha" lastUpdated="2010-06-25T04:00:00.000+0000" id="EGCoX537sJa"/>
                <organisationUnit name="Homa" lastUpdated="2010-06-25T04:00:00.000+0000" id="XoD8HcK5SDR"/>
                <organisationUnit name="Metu Zuria" lastUpdated="2011-11-09T05:00:00.000+0000" id="QSkqtiOFsTr"/>
                <organisationUnit name="Kurmuk" lastUpdated="2011-11-09T05:00:00.000+0000" id="hvoMAwbVzTt"/>
                <organisationUnit name="Jarso 2" lastUpdated="2010-06-25T04:00:00.000+0000" id="W87XXUYNNwZ"/>
                <organisationUnit name="Jida 2" lastUpdated="2010-06-25T04:00:00.000+0000" id="oH8dPfleQAg"/>
                <organisationUnit name="Gawo Kebe" lastUpdated="2010-06-25T04:00:00.000+0000" id="tKRHHV60kzi"/>
                <organisationUnit name="Lanfuro" lastUpdated="2011-11-09T05:00:00.000+0000" id="Xdy1kogsVje"/>
                <organisationUnit name="Hawa Gelan" lastUpdated="2010-06-25T04:00:00.000+0000" id="GilqZ6DmIAc"/>
                <organisationUnit name="Debub Ari" lastUpdated="2010-06-25T04:00:00.000+0000" id="uNGemgTL4W5"/>
                <organisationUnit name="Wuchale 2" lastUpdated="2010-06-25T04:00:00.000+0000" id="P2XIXopTIci"/>
                <organisationUnit name="Gozamin" lastUpdated="2010-06-25T04:00:00.000+0000" id="ywCARe0eLYw"/>
                <organisationUnit name="Bole" lastUpdated="2011-11-09T05:00:00.000+0000" id="NV9el6bTMmX"/>
                <organisationUnit name="Kafta Humera" lastUpdated="2011-11-09T05:00:00.000+0000" id="aacebmDcrt1"/>
                <organisationUnit name="Kokir Gedabano" lastUpdated="2011-11-09T05:00:00.000+0000" id="Wz1yS96UNeu"/>
                <organisationUnit name="Bambasi" lastUpdated="2011-11-09T05:00:00.000+0000" id="CE7qPEJ5EeR"/>
                <organisationUnit name="Begi 2" lastUpdated="2010-06-25T04:00:00.000+0000" id="TKz33C1jdcz"/>
                <organisationUnit name="Yayu" lastUpdated="2011-11-09T05:00:00.000+0000" id="HpNCLcS13ZI"/>
                <organisationUnit name="Sherkole" lastUpdated="2011-11-09T05:00:00.000+0000" id="Cx1cq9L6znG"/>
                <organisationUnit name="Dabat" lastUpdated="2011-11-09T05:00:00.000+0000" id="v4sgqKbCZ0o"/>
                <organisationUnit name="Liben Wereda" lastUpdated="2011-11-09T05:00:00.000+0000" id="jKjO3ysNFE5"/>
                <organisationUnit name="Moretna Jiru" lastUpdated="2011-11-09T05:00:00.000+0000" id="XiZqxUrh22H"/>
                <organisationUnit name="Jeldu" lastUpdated="2011-11-09T05:00:00.000+0000" id="HeeTxnEAad0"/>
                <organisationUnit name="Mesekan" lastUpdated="2011-11-09T05:00:00.000+0000" id="OACJYletuYy"/>
                <organisationUnit name="Maji" lastUpdated="2011-11-09T05:00:00.000+0000" id="k4BXoLRUN9G"/>
                <organisationUnit name="Fedis" lastUpdated="2011-11-09T05:00:00.000+0000" id="KCLI9SAk13J"/>
                <organisationUnit name="Tulo" lastUpdated="2011-11-09T05:00:00.000+0000" id="Mvfm890a4OZ"/>
                <organisationUnit name="Gurage" lastUpdated="2011-11-09T05:00:00.000+0000" id="ed3ALovVxgi"/>
                <organisationUnit name="Fik Wereda" lastUpdated="2011-11-09T05:00:00.000+0000" id="q98dsABvumM"/>
                <organisationUnit name="Jor" lastUpdated="2011-11-09T05:00:00.000+0000" id="CBer4fkH9zU"/>
                <organisationUnit name="Legahida" lastUpdated="2011-11-09T05:00:00.000+0000" id="vf3bwarU5JH"/>
                <organisationUnit name="Gesha Deka" lastUpdated="2011-11-09T05:00:00.000+0000" id="EjjCfxxoUJ6"/>
                <organisationUnit name="Bedeno" lastUpdated="2011-11-09T05:00:00.000+0000" id="eOc4MoUDpwu"/>
                <organisationUnit name="Loma" lastUpdated="2011-11-09T05:00:00.000+0000" id="b9dH0z8Tk5O"/>
                <organisationUnit name="Wenbera" lastUpdated="2011-11-09T05:00:00.000+0000" id="Ipbc56cPaMH"/>
                <organisationUnit name="Surma" lastUpdated="2011-11-09T05:00:00.000+0000" id="yCTNeu25U4D"/>
                <organisationUnit name="Moyale 2" lastUpdated="2010-06-25T04:00:00.000+0000" id="CblwfvbQiUP"/>
                <organisationUnit name="Duna" lastUpdated="2010-06-25T04:00:00.000+0000" id="sRDxnAzEs9z"/>
                <organisationUnit name="Tach Armachoho" lastUpdated="2010-06-25T04:00:00.000+0000" id="jrWfFweVAfn"/>
                <organisationUnit name="Gidan" lastUpdated="2011-11-09T05:00:00.000+0000" id="acWGY7nq84e"/>
                <organisationUnit name="Analimo" lastUpdated="2010-06-25T04:00:00.000+0000" id="GpeN3yAOpmk"/>
                <organisationUnit name="Dima" lastUpdated="2011-11-09T05:00:00.000+0000" id="alpl8rl7npi"/>
                <organisationUnit name="Jima Rare" lastUpdated="2011-11-09T05:00:00.000+0000" id="PEZru41mm1I"/>
                <organisationUnit name="Chencha" lastUpdated="2011-11-09T05:00:00.000+0000" id="fEq4QCENIV6"/>
                <organisationUnit name="North Western Tigray" lastUpdated="2011-11-09T05:00:00.000+0000" id="sHUCwS570LX"/>
                <organisationUnit name="Gubalafto" lastUpdated="2011-11-09T05:00:00.000+0000" id="hdnsg2EZ2SP"/>
                <organisationUnit name="Wadera" lastUpdated="2010-06-25T04:00:00.000+0000" id="hYCsJJIqRmf"/>
                <organisationUnit name="Tikur Enchini" lastUpdated="2011-11-09T05:00:00.000+0000" id="gNnPhSSq6Xs"/>
                <organisationUnit name="Arada" lastUpdated="2011-11-09T05:00:00.000+0000" id="ZvBEinTbvq5"/>
                <organisationUnit name="Semen Achefer" lastUpdated="2010-06-25T04:00:00.000+0000" id="AX5Dr7ShLFP"/>
                <organisationUnit name="Soro" lastUpdated="2011-11-09T05:00:00.000+0000" id="bJtIq71GSUN"/>
                <organisationUnit name="Ayisha" lastUpdated="2011-11-09T05:00:00.000+0000" id="XNbsvUWse9W"/>
                <organisationUnit name="Damot Gale" lastUpdated="2011-11-09T05:00:00.000+0000" id="HAEqzYu30CM"/>
                <organisationUnit name="Bare" lastUpdated="2011-11-09T05:00:00.000+0000" id="FZb9OZDMtAR"/>
                <organisationUnit name="Kemashi Wereda" lastUpdated="2011-11-09T05:00:00.000+0000" id="uA6z6V7EGh9"/>
                <organisationUnit name="Gololcha-Wewreda" lastUpdated="2010-06-25T04:00:00.000+0000" id="r1RPVQ6W7W1"/>
                <organisationUnit name="Alge Sachi" lastUpdated="2010-06-25T04:00:00.000+0000" id="Txrsshn5GIh"/>
                <organisationUnit name="Dehena" lastUpdated="2011-11-09T05:00:00.000+0000" id="KnNurw1jDNY"/>
                <organisationUnit name="Gechi" lastUpdated="2011-11-09T05:00:00.000+0000" id="OcgbXB97iRl"/>
                <organisationUnit name="Fogera" lastUpdated="2011-11-09T05:00:00.000+0000" id="gLBM0Pxe6uc"/>
                <organisationUnit name="Kersa 2" lastUpdated="2010-06-25T04:00:00.000+0000" id="yuGge6GjCGm"/>
                <organisationUnit name="Guji" lastUpdated="2011-11-09T05:00:00.000+0000" id="v9GmjQkeqTd"/>
                <organisationUnit name="Kolfe Keraniyo" lastUpdated="2011-11-09T05:00:00.000+0000" id="LDZNmjOxBLa"/>
                <organisationUnit name="Lalo Kile" lastUpdated="2011-11-09T05:00:00.000+0000" id="cbkSLBkA48K"/>
                <organisationUnit name="Kiltu Kara" lastUpdated="2010-06-25T04:00:00.000+0000" id="SwZhXNU3z1u"/>
                <organisationUnit name="Gambella Zuria" lastUpdated="2011-11-09T05:00:00.000+0000" id="alPynK89K7q"/>
                <organisationUnit name="Guna" lastUpdated="2010-06-25T04:00:00.000+0000" id="YKSLOkA1Uyq"/>
                <organisationUnit name="Were Lehe" lastUpdated="2011-11-09T05:00:00.000+0000" id="isJkDgUN7Cn"/>
                <organisationUnit name="Babo Gambel" lastUpdated="2010-06-25T04:00:00.000+0000" id="RF7A3pU3tBI"/>
                <organisationUnit name="Damot Sore" lastUpdated="2010-06-25T04:00:00.000+0000" id="ymmGXuU3Dqu"/>
                <organisationUnit name="Kelafo" lastUpdated="2011-11-09T05:00:00.000+0000" id="I66Ig487i7B"/>
                <organisationUnit name="Bulen" lastUpdated="2011-11-09T05:00:00.000+0000" id="OnYWDufj9xJ"/>
                <organisationUnit name="East Shewa" lastUpdated="2011-11-09T05:00:00.000+0000" id="saT4Vyg5BBO"/>
                <organisationUnit name="Shekosh" lastUpdated="2011-11-09T05:00:00.000+0000" id="kALYX0DvBxR"/>
                <organisationUnit name="Gemches" lastUpdated="2010-06-25T04:00:00.000+0000" id="ITZHzU1RVnE"/>
                <organisationUnit name="Misrak Azernet" lastUpdated="2010-06-25T04:00:00.000+0000" id="djit3iv5BbO"/>
                <organisationUnit name="Merti" lastUpdated="2011-11-09T05:00:00.000+0000" id="cdQQUu8X6aR"/>
                <organisationUnit name="Dabo Hana" lastUpdated="2010-06-25T04:00:00.000+0000" id="nRIiDn28nM2"/>
                <organisationUnit name="Bibugn" lastUpdated="2011-11-09T05:00:00.000+0000" id="Uda6e98QuE4"/>
                <organisationUnit name="Awubere" lastUpdated="2010-06-25T04:00:00.000+0000" id="JJDi6ExhkWD"/>
                <organisationUnit name="Dangur" lastUpdated="2011-11-09T05:00:00.000+0000" id="Fbqr0NAWcz3"/>
                <organisationUnit name="Enemorna Ener" lastUpdated="2011-11-09T05:00:00.000+0000" id="r6FuauF5ycd"/>
                <organisationUnit name="Amaro" lastUpdated="2011-11-09T05:00:00.000+0000" id="jYZEGsBdjZK"/>
                <organisationUnit name="Jikawo" lastUpdated="2011-11-09T05:00:00.000+0000" id="vcYd3BQzsY3"/>
                <organisationUnit name="Ameya" lastUpdated="2011-11-09T05:00:00.000+0000" id="KX8AUPR1Jr6"/>
                <organisationUnit name="Sibu Sire" lastUpdated="2011-11-09T05:00:00.000+0000" id="PhE95E37SkP"/>
                <organisationUnit name="Wegidi" lastUpdated="2011-11-09T05:00:00.000+0000" id="n08OqI1oyZY"/>
                <organisationUnit name="Atsbi Wonberta" lastUpdated="2012-09-17T00:43:04.115+0000" id="itsfy6phgjv"/>
                <organisationUnit name="Gomma" lastUpdated="2011-11-09T05:00:00.000+0000" id="xige6VrtoLg"/>
                <organisationUnit name="Wantawa" lastUpdated="2010-06-25T04:00:00.000+0000" id="EDp1UfhNC2Q"/>
                <organisationUnit name="Debark" lastUpdated="2011-11-09T05:00:00.000+0000" id="uxlzp5z6HdI"/>
                <organisationUnit name="Yirgachefe" lastUpdated="2011-11-09T05:00:00.000+0000" id="ORC0qb8nl0e"/>
                <organisationUnit name="Seden Sodo" lastUpdated="2010-06-25T04:00:00.000+0000" id="u4qRHig3P5S"/>
                <organisationUnit name="Ada A" lastUpdated="2011-11-09T05:00:00.000+0000" id="hCCGd1ZC9Ku"/>
                <organisationUnit name="Adaba" lastUpdated="2011-11-09T05:00:00.000+0000" id="H32MhDc74yv"/>
                <organisationUnit name="Semen" lastUpdated="2010-06-25T04:00:00.000+0000" id="uoFHk8yNo8J"/>
                <organisationUnit name="Adami Tulu Jido Kombolcha" lastUpdated="2011-11-09T05:00:00.000+0000" id="fdR4kqzKMU5"/>
                <organisationUnit name="Harari Zone" lastUpdated="2011-11-09T05:00:00.000+0000" id="Go6Mth0Wed2"/>
                <organisationUnit name="Chafe Gola" lastUpdated="2010-06-25T04:00:00.000+0000" id="lAdmGwglqYy"/>
                <organisationUnit name="Yabelo" lastUpdated="2011-11-09T05:00:00.000+0000" id="j5PmGhKiH7a"/>
                <organisationUnit name="Liben" lastUpdated="2011-11-09T05:00:00.000+0000" id="uAvGeQtpTbr"/>
                <organisationUnit name="Ginir" lastUpdated="2011-11-09T05:00:00.000+0000" id="buULxGKVLA7"/>
                <organisationUnit name="Gimbi" lastUpdated="2011-11-09T05:00:00.000+0000" id="F2ptDZIz8j9"/>
                <organisationUnit name="Alaje" lastUpdated="2010-06-25T04:00:00.000+0000" id="nhUGbKtX5Mu"/>
                <organisationUnit name="Dolo Mena" lastUpdated="2010-06-25T04:00:00.000+0000" id="BbEKNpM6udm"/>
                <organisationUnit name="Girawa" lastUpdated="2011-11-09T05:00:00.000+0000" id="byYgUMdWpXd"/>
                <organisationUnit name="Mulo 2" lastUpdated="2010-06-25T04:00:00.000+0000" id="mszyozuQPEY"/>
                <organisationUnit name="Awash Fentale" lastUpdated="2011-11-09T05:00:00.000+0000" id="cKF538inonc"/>
                <organisationUnit name="Bero" lastUpdated="2011-11-09T05:00:00.000+0000" id="FXmaipRuiJX"/>
                <organisationUnit name="Shebedino" lastUpdated="2011-11-09T05:00:00.000+0000" id="et1uCiRBBPr"/>
                <organisationUnit name="Mulo" lastUpdated="2010-06-25T04:00:00.000+0000" id="QeTyLFr2zCr"/>
                <organisationUnit name="Genji" lastUpdated="2011-11-09T05:00:00.000+0000" id="L0CP3OTm0OZ"/>
                <organisationUnit name="Kelela" lastUpdated="2011-11-09T05:00:00.000+0000" id="xaVpigvgeAl"/>
                <organisationUnit name="Golina" lastUpdated="2010-06-25T04:00:00.000+0000" id="XxkhZ9Xr5lh"/>
                <organisationUnit name="Mehal Saynt" lastUpdated="2010-06-25T04:00:00.000+0000" id="lnqOcTM4sAm"/>
                <organisationUnit name="Hadiya" lastUpdated="2011-11-09T05:00:00.000+0000" id="ypSbW6tWYQl"/>
                <organisationUnit name="Alaba" lastUpdated="2011-11-09T05:00:00.000+0000" id="fD9Qu1YMZhB"/>
                <organisationUnit name="Bure 2" lastUpdated="2011-11-09T05:00:00.000+0000" id="K6c00pXwWoZ"/>
                <organisationUnit name="Endegagn" lastUpdated="2011-11-09T05:00:00.000+0000" id="cmJJjYOZQsQ"/>
                <organisationUnit name="Danot" lastUpdated="2011-11-09T05:00:00.000+0000" id="PorJM84C077"/>
                <organisationUnit name="Guto Gida" lastUpdated="2010-06-25T04:00:00.000+0000" id="onUQi3y5YL3"/>
                <organisationUnit name="Hamer" lastUpdated="2011-11-09T05:00:00.000+0000" id="ayrDHIVaicI"/>
                <organisationUnit name="Meyu" lastUpdated="2011-11-09T05:00:00.000+0000" id="nHlYDixa6gp"/>
                <organisationUnit name="Korahe" lastUpdated="2011-11-09T05:00:00.000+0000" id="VhrerlnYLA6"/>
                <organisationUnit name="Basketo Special Wereda" lastUpdated="2011-11-09T05:00:00.000+0000" id="xRyfVn1n7Uv"/>
                <organisationUnit name="Nuwer" lastUpdated="2011-11-09T05:00:00.000+0000" id="vzVw5iJFLdM"/>
                <organisationUnit name="Misrak Este" lastUpdated="2010-06-25T04:00:00.000+0000" id="bpdyKrGomlV"/>
                <organisationUnit name="Babile" lastUpdated="2011-11-09T05:00:00.000+0000" id="jRsCZYAwUJR"/>
                <organisationUnit name="Afder" lastUpdated="2011-11-09T05:00:00.000+0000" id="tztyU6ucyIN"/>
                <organisationUnit name="Dila Zuria" lastUpdated="2010-06-25T04:00:00.000+0000" id="YfF1oNsiQyq"/>
                <organisationUnit name="Deguna Fanigo" lastUpdated="2010-06-25T04:00:00.000+0000" id="jkPbaOGjBrl"/>
                <organisationUnit name="Telalak" lastUpdated="2011-11-09T05:00:00.000+0000" id="dNnzJpyV4PJ"/>
                <organisationUnit name="Amibara" lastUpdated="2011-11-09T05:00:00.000+0000" id="qAyndiMLnx5"/>
                <organisationUnit name="Dolo Odo" lastUpdated="2011-11-09T05:00:00.000+0000" id="AO32PY21g90"/>
                <organisationUnit name="North Gondar" lastUpdated="2011-11-09T05:00:00.000+0000" id="K83XxMu5d4k"/>
                <organisationUnit name="Bugna" lastUpdated="2011-11-09T05:00:00.000+0000" id="uhneCHxNGII"/>
                <organisationUnit name="Guradamole" lastUpdated="2011-11-09T05:00:00.000+0000" id="cXX3wAabJmf"/>
                <organisationUnit name="Shala" lastUpdated="2010-06-25T04:00:00.000+0000" id="FvTxA1qnQqa"/>
                <organisationUnit name="Bilo Nopha" lastUpdated="2010-06-25T04:00:00.000+0000" id="VCOKXLgiDFp"/>
                <organisationUnit name="Afambo" lastUpdated="2011-11-09T05:00:00.000+0000" id="yo03LSMqqDw"/>
                <organisationUnit name="Jida" lastUpdated="2010-06-25T04:00:00.000+0000" id="CqKgY7c3vhX"/>
                <organisationUnit name="Dawo" lastUpdated="2011-11-09T05:00:00.000+0000" id="Mnaeozv8GL6"/>
                <organisationUnit name="Dawe Harewa" lastUpdated="2010-06-25T04:00:00.000+0000" id="RLJkl8LIN4a"/>
                <organisationUnit name="Bena Tsemay" lastUpdated="2011-11-09T05:00:00.000+0000" id="PuwRdd1TFHN"/>
                <organisationUnit name="Tegede" lastUpdated="2010-06-25T04:00:00.000+0000" id="u0OkhyAIuiD"/>
                <organisationUnit name="Beyeda" lastUpdated="2011-11-09T05:00:00.000+0000" id="sMgAPpJv4Kv"/>
                <organisationUnit name="North Shewa (Amhara)" lastUpdated="2011-11-09T05:00:00.000+0000" id="xTsi1ikgUZS"/>
                <organisationUnit name="Jibat" lastUpdated="2010-06-25T04:00:00.000+0000" id="er8mA9MKxXH"/>
                <organisationUnit name="Midga Tola" lastUpdated="2010-06-25T04:00:00.000+0000" id="u4zNwVheMZv"/>
                <organisationUnit name="Kersa Ena Malima" lastUpdated="2010-06-25T04:00:00.000+0000" id="XkjdcVzYCMc"/>
                <organisationUnit name="Bonke" lastUpdated="2011-11-09T05:00:00.000+0000" id="pXtx2LxDGGq"/>
                <organisationUnit name="Damot Pulasa" lastUpdated="2010-06-25T04:00:00.000+0000" id="o1MXY1QmI6g"/>
                <organisationUnit name="Derashe Special Wereda" lastUpdated="2011-11-09T05:00:00.000+0000" id="A2oQBDFVA9i"/>
                <organisationUnit name="Ejere" lastUpdated="2011-11-09T05:00:00.000+0000" id="ebYVgveq6m3"/>
                <organisationUnit name="Odabuldi-Guli" lastUpdated="2010-06-25T04:00:00.000+0000" id="VdBgxXRDgRq"/>
                <organisationUnit name="Bule" lastUpdated="2011-11-09T05:00:00.000+0000" id="uS3hf3cVtHn"/>
                <organisationUnit name="Menz Mama Midir 2" lastUpdated="2010-06-25T04:00:00.000+0000" id="OcRywj8g4gr"/>
                <organisationUnit name="Wonberma" lastUpdated="2010-06-25T04:00:00.000+0000" id="jI0IJzO3fSB"/>
                <organisationUnit name="Hadele Ele" lastUpdated="2010-06-25T04:00:00.000+0000" id="iuXGknaj976"/>
                <organisationUnit name="Tehuledere" lastUpdated="2011-11-09T05:00:00.000+0000" id="WVUcF6rhhJn"/>
                <organisationUnit name="Gola Oda" lastUpdated="2011-11-09T05:00:00.000+0000" id="pEXUD2AopYq"/>
                <organisationUnit name="Adadilo" lastUpdated="2011-11-09T05:00:00.000+0000" id="NdqX3nvw27o"/>
                <organisationUnit name="Guduru" lastUpdated="2011-11-09T05:00:00.000+0000" id="Fq5aVJj5b5G"/>
                <organisationUnit name="Menz Lalo Midir" lastUpdated="2010-06-25T04:00:00.000+0000" id="IPW8A9g4AO0"/>
                <organisationUnit name="Bati" lastUpdated="2011-11-09T05:00:00.000+0000" id="SH2G7YLagEB"/>
                <organisationUnit name="Alaba Special Wereda" lastUpdated="2011-11-09T05:00:00.000+0000" id="Hh9kdbjLDH7"/>
                <organisationUnit name="Adama" lastUpdated="2011-11-09T05:00:00.000+0000" id="ZCQNRkwicFG"/>
                <organisationUnit name="Kemba" lastUpdated="2011-11-09T05:00:00.000+0000" id="HAUmS7fn0Ku"/>
                <organisationUnit name="Boset" lastUpdated="2011-11-09T05:00:00.000+0000" id="ZrApU3zumHb"/>
                <organisationUnit name="Filtu" lastUpdated="2011-11-09T05:00:00.000+0000" id="O95IkMMQCCe"/>
                <organisationUnit name="Goro" lastUpdated="2011-11-09T05:00:00.000+0000" id="yMSc9lzPiqV"/>
                <organisationUnit name="Hulet Ej Enese" lastUpdated="2011-11-09T05:00:00.000+0000" id="TxWZzWQMiwV"/>
                <organisationUnit name="Dire Woreda" lastUpdated="2012-09-16T23:36:21.690+0000" id="rlgBQjUJzFX"/>
                <organisationUnit name="Mojana Waderea" lastUpdated="2011-11-09T05:00:00.000+0000" id="S1DM8JFYNSY"/>
                <organisationUnit name="Argoba Special Wereda" lastUpdated="2011-11-09T05:00:00.000+0000" id="rqVh7or8IQt"/>
                <organisationUnit name="Metema" lastUpdated="2011-11-09T05:00:00.000+0000" id="l3EyCtiTlaz"/>
                <organisationUnit name="DIRE DAWA" lastUpdated="2011-11-08T05:00:00.000+0000" id="OdTridQxmrl"/>
                <organisationUnit name="Asossa" lastUpdated="2011-11-09T05:00:00.000+0000" id="mJshGguFfhu"/>
                <organisationUnit name="Seyo Nole" lastUpdated="2010-06-25T04:00:00.000+0000" id="cKMN6MIRZAF"/>
                <organisationUnit name="Welkayit" lastUpdated="2011-11-09T05:00:00.000+0000" id="Pp8Zb11b797"/>
                <organisationUnit name="Dara" lastUpdated="2011-11-09T05:00:00.000+0000" id="DIvxTX8Mgzj"/>
                <organisationUnit name="Debub" lastUpdated="2010-06-25T04:00:00.000+0000" id="LvgN5B2UAC5"/>
                <organisationUnit name="Boreda" lastUpdated="2011-11-09T05:00:00.000+0000" id="cRH9zpSGOWJ"/>
                <organisationUnit name="Godare" lastUpdated="2011-11-09T05:00:00.000+0000" id="SRqMT7DVOFv"/>
                <organisationUnit name="Kuni" lastUpdated="2011-11-09T05:00:00.000+0000" id="V56RfQojAq2"/>
                <organisationUnit name="Dalifage" lastUpdated="2010-06-25T04:00:00.000+0000" id="FacgxBtEu4C"/>
                <organisationUnit name="Abergele" lastUpdated="2010-06-25T04:00:00.000+0000" id="TIV57NOVYWq"/>
                <organisationUnit name="Segeg" lastUpdated="2011-11-09T05:00:00.000+0000" id="Q66ypHpsz6T"/>
                <organisationUnit name="Miyu" lastUpdated="2010-06-25T04:00:00.000+0000" id="yePU6GBZkwM"/>
                <organisationUnit name="Kucha" lastUpdated="2011-11-09T05:00:00.000+0000" id="xxp0GiDR2er"/>
                <organisationUnit name="Bure" lastUpdated="2011-11-09T05:00:00.000+0000" id="jiGCJyiXlNW"/>
                <organisationUnit name="Ada Berga" lastUpdated="2011-11-09T05:00:00.000+0000" id="tMMLanqE0uk"/>
                <organisationUnit name="Limu" lastUpdated="2011-11-09T05:00:00.000+0000" id="joirHi7WdUw"/>
                <organisationUnit name="Gedeb Asasa" lastUpdated="2010-06-25T04:00:00.000+0000" id="cXOYipVJ1JN"/>
                <organisationUnit name="Gazgibla" lastUpdated="2010-06-25T04:00:00.000+0000" id="pZFq3klheJX"/>
                <organisationUnit name="Bale Gasegar" lastUpdated="2010-06-25T04:00:00.000+0000" id="fmpGaK5jVrp"/>
                <organisationUnit name="Kebena" lastUpdated="2010-06-25T04:00:00.000+0000" id="xOFpXJkW8S9"/>
                <organisationUnit name="Liben Woreda" lastUpdated="2010-06-25T04:00:00.000+0000" id="RExO2fezPhq"/>
                <organisationUnit name="Hagere Mariam Kesem" lastUpdated="2011-11-09T05:00:00.000+0000" id="tTzRAjpxDth"/>
                <organisationUnit name="Chifra" lastUpdated="2011-11-09T05:00:00.000+0000" id="yf4Wdj8MsM8"/>
                <organisationUnit name="Gunagudo" lastUpdated="2010-06-25T04:00:00.000+0000" id="vGwlq1wueGF"/>
                <organisationUnit name="Doyo Gena" lastUpdated="2010-06-25T04:00:00.000+0000" id="qvuBAauTslk"/>
                <organisationUnit name="Dessie Zuria" lastUpdated="2011-11-09T05:00:00.000+0000" id="IeQcfbdYjmn"/>
                <organisationUnit name="Elidar" lastUpdated="2011-11-09T05:00:00.000+0000" id="DqNgn3d8VSF"/>
                <organisationUnit name="Berahile" lastUpdated="2011-11-09T05:00:00.000+0000" id="aPNiAbaTtPz"/>
                <organisationUnit name="Lasta" lastUpdated="2010-06-25T04:00:00.000+0000" id="PCj4sf0cjWc"/>
                <organisationUnit name="Chena" lastUpdated="2011-11-09T05:00:00.000+0000" id="UjBcnEyMDjL"/>
                <organisationUnit name="Minjar Shenkora" lastUpdated="2011-11-09T05:00:00.000+0000" id="TpdYz5JMCGv"/>
                <organisationUnit name="Shinile" lastUpdated="2011-11-09T05:00:00.000+0000" id="n7LT0unSBYF"/>
                <organisationUnit name="Silti Wereda" lastUpdated="2011-11-09T05:00:00.000+0000" id="pTSWnfBrmJw"/>
                <organisationUnit name="Doreni" lastUpdated="2010-06-25T04:00:00.000+0000" id="TfEr1jYpu5D"/>
                <organisationUnit name="Ambasel" lastUpdated="2011-11-09T05:00:00.000+0000" id="OAUS9ZlN8lW"/>
                <organisationUnit name="AFAR" lastUpdated="2011-11-08T05:00:00.000+0000" id="DVSv7iuU7tu"/>
                <organisationUnit name="Gedeo" lastUpdated="2011-11-09T05:00:00.000+0000" id="wwjQEKHdwK4"/>
                <organisationUnit name="Agelo Meti" lastUpdated="2011-11-09T05:00:00.000+0000" id="N8H6OL78Whx"/>
                <organisationUnit name="Jarso" lastUpdated="2011-11-09T05:00:00.000+0000" id="YZ9W1xdC7Gj"/>
                <organisationUnit name="Degehabur Zone" lastUpdated="2011-11-09T05:00:00.000+0000" id="IuyMyZg63h3"/>
                <organisationUnit name="Gera" lastUpdated="2011-11-09T05:00:00.000+0000" id="v1HDPCRyOx9"/>
                <organisationUnit name="GAMBELLA" lastUpdated="2011-11-08T05:00:00.000+0000" id="Lmr8SftpqY2"/>
                <organisationUnit name="Silti" lastUpdated="2011-11-09T05:00:00.000+0000" id="i989zWemEOG"/>
                <organisationUnit name="Wensho" lastUpdated="2010-06-25T04:00:00.000+0000" id="Ie5WRlQLGOD"/>
                <organisationUnit name="Hidabu Abote 2" lastUpdated="2010-06-25T04:00:00.000+0000" id="LoQofs7QCAz"/>
                <organisationUnit name="Abe Dongoro" lastUpdated="2011-11-09T05:00:00.000+0000" id="ufm4JCCgO4z"/>
                <organisationUnit name="Shilabo" lastUpdated="2011-11-09T05:00:00.000+0000" id="W3Lac84JA9d"/>
                <organisationUnit name="Aseko" lastUpdated="2011-11-09T05:00:00.000+0000" id="nDFsgNqbjVe"/>
                <organisationUnit name="Konso" lastUpdated="2011-11-09T05:00:00.000+0000" id="fXb0mggrHPQ"/>
                <organisationUnit name="Tocha" lastUpdated="2011-11-09T05:00:00.000+0000" id="R9d7CphEhRA"/>
                <organisationUnit name="Dendi" lastUpdated="2011-11-09T05:00:00.000+0000" id="kJcPpt0ozfb"/>
                <organisationUnit name="Abaya" lastUpdated="2010-06-25T04:00:00.000+0000" id="Q8nUe72raAt"/>
                <organisationUnit name="Basona Werana" lastUpdated="2010-06-25T04:00:00.000+0000" id="AnYVufoind2"/>
                <organisationUnit name="Werebabu" lastUpdated="2011-11-09T05:00:00.000+0000" id="ABGWxoCA9Gh"/>
                <organisationUnit name="Danan" lastUpdated="2010-06-25T04:00:00.000+0000" id="m82MeBjv4ae"/>
                <organisationUnit name="Harari All" lastUpdated="2011-11-09T05:00:00.000+0000" id="Hka7dA6qyqe"/>
                <organisationUnit name="Munesa" lastUpdated="2011-11-09T05:00:00.000+0000" id="JKWL18Tjav3"/>
                <organisationUnit name="Kombolcha" lastUpdated="2011-11-09T05:00:00.000+0000" id="ztdd4mZdnzV"/>
                <organisationUnit name="Chora Botor" lastUpdated="2010-06-25T04:00:00.000+0000" id="KnKIcWsyvHu"/>
                <organisationUnit name="Arba Minch Zuriya" lastUpdated="2011-11-09T05:00:00.000+0000" id="tw6iVsj7f7Q"/>
                <organisationUnit name="Guma" lastUpdated="2010-06-25T04:00:00.000+0000" id="CKp56SCFfue"/>
                <organisationUnit name="Hababo Guduru" lastUpdated="2010-06-25T04:00:00.000+0000" id="wDq2HQVBMsT"/>
                <organisationUnit name="Aleta Wendo" lastUpdated="2011-11-09T05:00:00.000+0000" id="FOphWyV4GxE"/>
                <organisationUnit name="Damot Woyide" lastUpdated="2011-11-09T05:00:00.000+0000" id="ODWCcxiQxU9"/>
                <organisationUnit name="Nole Kaba" lastUpdated="2011-11-09T05:00:00.000+0000" id="un6UNjazJCB"/>
                <organisationUnit name="Lome" lastUpdated="2011-11-09T05:00:00.000+0000" id="G1Vbi1EFyV6"/>
                <organisationUnit name="Bdolobay" lastUpdated="2010-06-25T04:00:00.000+0000" id="hbjAKT0eO7T"/>
                <organisationUnit name="Merab Este" lastUpdated="2010-06-25T04:00:00.000+0000" id="mKQNmuZhXVR"/>
                <organisationUnit name="Lude Hitosa" lastUpdated="2010-06-25T04:00:00.000+0000" id="bOUkEfNwuby"/>
                <organisationUnit name="Gedeb 3" lastUpdated="2010-06-25T04:00:00.000+0000" id="Ub0iVXwq2EU"/>
                <organisationUnit name="Robe" lastUpdated="2011-11-09T05:00:00.000+0000" id="rHp7as1c5BF"/>
                <organisationUnit name="Ensaro 2" lastUpdated="2010-06-25T04:00:00.000+0000" id="XmnaptaEkEo"/>
                <organisationUnit name="Berehet" lastUpdated="2011-11-09T05:00:00.000+0000" id="Wb7c9ZLZcaS"/>
                <organisationUnit name="Seharti Samre" lastUpdated="2011-11-09T05:00:00.000+0000" id="uwJLj925KGm"/>
                <organisationUnit name="Tahtay Koraro" lastUpdated="2011-11-09T05:00:00.000+0000" id="d1zcK1dK6Ok"/>
                <organisationUnit name="Leka Dulecha" lastUpdated="2011-11-09T05:00:00.000+0000" id="OUFoiAwAk1S"/>
                <organisationUnit name="Dugida Dawa" lastUpdated="2010-06-25T04:00:00.000+0000" id="m11T4YlQGWq"/>
                <organisationUnit name="Bahri Dar Zuria" lastUpdated="2011-11-09T05:00:00.000+0000" id="TMhJvYwe9pO"/>
                <organisationUnit name="Ahiferom" lastUpdated="2011-11-09T05:00:00.000+0000" id="OMC9vdhKlYB"/>
                <organisationUnit name="Kochire" lastUpdated="2011-11-09T05:00:00.000+0000" id="X3EdkHVgjgZ"/>
                <organisationUnit name="Yeki" lastUpdated="2011-11-09T05:00:00.000+0000" id="qGhyFVO2s5O"/>
                <organisationUnit name="Zone 3" lastUpdated="2011-11-09T05:00:00.000+0000" id="AG5cQdOJRKD"/>
                <organisationUnit name="Bale" lastUpdated="2011-11-09T05:00:00.000+0000" id="umV0viRqfZI"/>
                <organisationUnit name="Hambela Wamena" lastUpdated="2010-06-25T04:00:00.000+0000" id="hDxf9G6hzah"/>
                <organisationUnit name="Ankober 2" lastUpdated="2010-06-25T04:00:00.000+0000" id="yAkFjRq5udO"/>
                <organisationUnit name="Mekele Special" lastUpdated="2011-11-09T05:00:00.000+0000" id="ALb0xmAUzGS"/>
                <organisationUnit name="Dulacha" lastUpdated="2011-11-09T05:00:00.000+0000" id="RrPoO2cgQy3"/>
                <organisationUnit name="Kuyu 2" lastUpdated="2010-06-25T04:00:00.000+0000" id="wSBaCC1LCZ0"/>
                <organisationUnit name="Woliso" lastUpdated="2011-11-09T05:00:00.000+0000" id="l67143qvoNw"/>
                <organisationUnit name="Sokoru" lastUpdated="2010-06-25T04:00:00.000+0000" id="qQWh5G9Bxfz"/>
                <organisationUnit name="Omonada" lastUpdated="2011-11-09T05:00:00.000+0000" id="i1KS1WOpv8g"/>
                <organisationUnit name="Midakegn" lastUpdated="2010-06-25T04:00:00.000+0000" id="Ib30AQMakNq"/>
                <organisationUnit name="Mecha" lastUpdated="2010-06-25T04:00:00.000+0000" id="fT9EXyLxjrm"/>
                <organisationUnit name="Misrak Badawacho" lastUpdated="2010-06-25T04:00:00.000+0000" id="Bgp9KkbtRyR"/>
                <organisationUnit name="Ginde Beret" lastUpdated="2011-11-09T05:00:00.000+0000" id="Df61FB1deh3"/>
                <organisationUnit name="Gondar Zuria" lastUpdated="2011-11-09T05:00:00.000+0000" id="yXMADCa9avn"/>
                <organisationUnit name="Kersa Dula" lastUpdated="2010-06-25T04:00:00.000+0000" id="zolnQvppOHw"/>
                <organisationUnit name="Fentale" lastUpdated="2011-11-09T05:00:00.000+0000" id="zZSZY46xlkg"/>
                <organisationUnit name="Tach Gayint" lastUpdated="2011-11-09T05:00:00.000+0000" id="zOsSkrbzrLV"/>
                <organisationUnit name="Zone 4" lastUpdated="2011-11-09T05:00:00.000+0000" id="uDGT3rmM53n"/>
                <organisationUnit name="Misha" lastUpdated="2011-11-09T05:00:00.000+0000" id="iV2AQHqSkmU"/>
                <organisationUnit name="Kembata Tembaro" lastUpdated="2011-11-09T05:00:00.000+0000" id="RVyyXX8mSHH"/>
                <organisationUnit name="Sebeta Hawas" lastUpdated="2010-06-25T04:00:00.000+0000" id="i40EBzEfJco"/>
                <organisationUnit name="Kutaber" lastUpdated="2011-11-09T05:00:00.000+0000" id="KQGAYJJ4njP"/>
                <organisationUnit name="Jeju" lastUpdated="2011-11-09T05:00:00.000+0000" id="m9pxAaf6L9h"/>
                <organisationUnit name="Sasiga" lastUpdated="2011-11-09T05:00:00.000+0000" id="icF6CvdrC1T"/>
                <organisationUnit name="Guagusa Shikudad" lastUpdated="2010-06-25T04:00:00.000+0000" id="rPpCq3fMzAg"/>
                <organisationUnit name="Wulbareg" lastUpdated="2010-06-25T04:00:00.000+0000" id="LYgq1wu7sGa"/>
                <organisationUnit name="Antsokiya Gemza 2" lastUpdated="2010-06-25T04:00:00.000+0000" id="baeh8YCAOuu"/>
                <organisationUnit name="Sude" lastUpdated="2011-11-09T05:00:00.000+0000" id="t7kyHwF88OH"/>
                <organisationUnit name="Derashe" lastUpdated="2011-11-09T05:00:00.000+0000" id="SOe48VIh9V0"/>
                <organisationUnit name="Dawe" lastUpdated="2010-06-25T04:00:00.000+0000" id="SEyJaZEGkck"/>
                <organisationUnit name="Ethiopia" lastUpdated="2010-06-25T04:00:00.000+0000" id="DGqWzVW9vx4"/>
                <organisationUnit name="Asegede Tsimbila" lastUpdated="2011-11-09T05:00:00.000+0000" id="tdczeznGfgb"/>
                <organisationUnit name="Dega Temben" lastUpdated="2011-11-09T05:00:00.000+0000" id="URdG5Z9adad"/>
                <organisationUnit name="Wuchale" lastUpdated="2011-11-09T05:00:00.000+0000" id="GMvYuOR6aPQ"/>
                <organisationUnit name="Lay Gayint" lastUpdated="2011-11-09T05:00:00.000+0000" id="kv0FV9mCrYI"/>
                <organisationUnit name="Akaki Kaliti" lastUpdated="2011-11-09T05:00:00.000+0000" id="VaNdHwx7IZC"/>
                <organisationUnit name="Chewaka" lastUpdated="2010-06-25T04:00:00.000+0000" id="fPKkHfSQVuU"/>
                <organisationUnit name="Fik" lastUpdated="2011-11-09T05:00:00.000+0000" id="UvkfT6KAykE"/>
                <organisationUnit name="Boji Chekorsa" lastUpdated="2010-06-25T04:00:00.000+0000" id="bMyI2atumGA"/>
                <organisationUnit name="OROMIA" lastUpdated="2011-11-08T05:00:00.000+0000" id="kJgQ0X7rVpd"/>
                <organisationUnit name="Jabi Tehnan" lastUpdated="2011-11-09T05:00:00.000+0000" id="vR3IcjnlUqP"/>
                <organisationUnit name="Uraga" lastUpdated="2011-11-09T05:00:00.000+0000" id="xiEAoO2KKrY"/>
                <organisationUnit name="Kimbibit 2" lastUpdated="2010-06-25T04:00:00.000+0000" id="XTeJZZtd5cc"/>
                <organisationUnit name="Argoba" lastUpdated="2011-11-09T05:00:00.000+0000" id="W3ei9ObjUyy"/>
                <organisationUnit name="Telo" lastUpdated="2011-11-09T05:00:00.000+0000" id="ZKaGDf4xiFj"/>
                <organisationUnit name="Chere" lastUpdated="2010-06-25T04:00:00.000+0000" id="svkwpyfM4TA"/>
                <organisationUnit name="Chilga" lastUpdated="2011-11-09T05:00:00.000+0000" id="bFFPKi3CbDD"/>
                <organisationUnit name="Darimu" lastUpdated="2011-11-09T05:00:00.000+0000" id="iutIXjh1orx"/>
                <organisationUnit name="Kewet" lastUpdated="2011-11-09T05:00:00.000+0000" id="bbENTZn3q56"/>
                <organisationUnit name="Zone 5" lastUpdated="2011-11-09T05:00:00.000+0000" id="SgnpbPeVfR1"/>
                <organisationUnit name="Eastern Tigray" lastUpdated="2012-09-17T00:35:48.993+0000" id="hvVWRxyvqbQ"/>
                <organisationUnit name="Cheliya" lastUpdated="2011-11-09T05:00:00.000+0000" id="iXiVKkrro5t"/>
                <organisationUnit name="Awabel" lastUpdated="2010-06-25T04:00:00.000+0000" id="FaAESzpSXpP"/>
                <organisationUnit name="Merab Abaya" lastUpdated="2011-11-09T05:00:00.000+0000" id="Hvvb8G7uxDY"/>
                <organisationUnit name="Chinaksan" lastUpdated="2010-06-25T04:00:00.000+0000" id="kFeYfrMWaxr"/>
                <organisationUnit name="Mida Woremo 2" lastUpdated="2010-06-25T04:00:00.000+0000" id="hFElgZKQHRc"/>
                <organisationUnit name="Baso Liben" lastUpdated="2011-11-09T05:00:00.000+0000" id="B6KQLEWfxXh"/>
                <organisationUnit name="Habro" lastUpdated="2011-11-09T05:00:00.000+0000" id="FzC3MEdOhdy"/>
                <organisationUnit name="Tsegede" lastUpdated="2011-11-09T05:00:00.000+0000" id="inkcaCxeBql"/>
                <organisationUnit name="Horo" lastUpdated="2010-06-25T04:00:00.000+0000" id="lC059Xl9u1t"/>
                <organisationUnit name="Kuyu" lastUpdated="2011-11-09T05:00:00.000+0000" id="WtxJTxDBvRc"/>
                <organisationUnit name="Dalocha" lastUpdated="2011-11-09T05:00:00.000+0000" id="lLbDpik3oWp"/>
                <organisationUnit name="Dire Dawa Zone" lastUpdated="2011-11-09T05:00:00.000+0000" id="sleQvXoufPh"/>
                <organisationUnit name="Gidami" lastUpdated="2011-11-09T05:00:00.000+0000" id="eQcTpKDq9c3"/>
                <organisationUnit name="Semen Bench" lastUpdated="2010-06-25T04:00:00.000+0000" id="JVXf8QcOs5S"/>
                <organisationUnit name="Anfilo" lastUpdated="2011-11-09T05:00:00.000+0000" id="yCiljDIcYWE"/>
                <organisationUnit name="Lay Armachoho" lastUpdated="2011-11-09T05:00:00.000+0000" id="ZktGFYnKBwb"/>
                <organisationUnit name="Abala" lastUpdated="2011-11-09T05:00:00.000+0000" id="rvCvuhjIjlD"/>
                <organisationUnit name="Arsi Negele" lastUpdated="2011-11-09T05:00:00.000+0000" id="C8V7zPukVRY"/>
                <organisationUnit name="Serer" lastUpdated="2010-06-25T04:00:00.000+0000" id="InlLYGGDeCe"/>
                <organisationUnit name="Odo Shakiso" lastUpdated="2011-11-09T05:00:00.000+0000" id="nnnCF5iA6Pq"/>
                <organisationUnit name="Angolala Tera 2" lastUpdated="2011-11-09T05:00:00.000+0000" id="IP0H6ZrA15C"/>
                <organisationUnit name="Ferfer" lastUpdated="2011-11-09T05:00:00.000+0000" id="ltwq5oZAZBL"/>
                <organisationUnit name="Becho" lastUpdated="2011-11-09T05:00:00.000+0000" id="cRP8nvStilP"/>
                <organisationUnit name="Sinana" lastUpdated="2011-11-09T05:00:00.000+0000" id="wXxdpwtn7No"/>
                <organisationUnit name="Menge" lastUpdated="2011-11-09T05:00:00.000+0000" id="bON59QkI9Xg"/>
                <organisationUnit name="Moretna Jiru 2" lastUpdated="2010-06-25T04:00:00.000+0000" id="Bno388idUWF"/>
                <organisationUnit name="Hamero" lastUpdated="2011-11-09T05:00:00.000+0000" id="zrLqA6Uxdic"/>
                <organisationUnit name="Basona Werana 2" lastUpdated="2010-06-25T04:00:00.000+0000" id="haiVHvqP6qy"/>
                <organisationUnit name="Merab Azernet" lastUpdated="2010-06-25T04:00:00.000+0000" id="sHkFG7ANT0i"/>
                <organisationUnit name="Semen Ari" lastUpdated="2010-06-25T04:00:00.000+0000" id="DfYVFYkS1zu"/>
                <organisationUnit name="Meinit Shasha" lastUpdated="2011-11-09T05:00:00.000+0000" id="ba4xtOCwCqA"/>
                <organisationUnit name="East Wellega" lastUpdated="2011-11-09T05:00:00.000+0000" id="XQXVZ7KI7Uj"/>
                <organisationUnit name="Denbel" lastUpdated="2011-11-09T05:00:00.000+0000" id="wsSW1aOpjeT"/>
                <organisationUnit name="Guba" lastUpdated="2011-11-09T05:00:00.000+0000" id="SUfwvpowL0q"/>
                <organisationUnit name="Dalol" lastUpdated="2011-11-09T05:00:00.000+0000" id="ns6OEMHhsPV"/>
                <organisationUnit name="Gishe 2" lastUpdated="2010-06-25T04:00:00.000+0000" id="zA3OEabhIvj"/>
                <organisationUnit name="Gezegofa" lastUpdated="2010-06-25T04:00:00.000+0000" id="UKmuHnQgStG"/>
                <organisationUnit name="Tarma Ber 2" lastUpdated="2010-06-25T04:00:00.000+0000" id="Oz54PLArHuH"/>
                <organisationUnit name="Meinit Goldeya" lastUpdated="2011-11-09T05:00:00.000+0000" id="gz18IKnj1Jt"/>
                <organisationUnit name="Kebridehar" lastUpdated="2011-11-09T05:00:00.000+0000" id="wkLdc0DHDqu"/>
                <organisationUnit name="Seyo" lastUpdated="2011-11-09T05:00:00.000+0000" id="hzDzjQbX157"/>
                <organisationUnit name="Harena Buluk" lastUpdated="2010-06-25T04:00:00.000+0000" id="Ddzr290zWBu"/>
                <organisationUnit name="Girar Jarso" lastUpdated="2011-11-09T05:00:00.000+0000" id="Tg03buviHgn"/>
                <organisationUnit name="Holeta Town" lastUpdated="2010-06-25T04:00:00.000+0000" id="shg1UXFHylQ"/>
                <organisationUnit name="Deksis" lastUpdated="2010-06-25T04:00:00.000+0000" id="mwTMOpUDrt6"/>
                <organisationUnit name="Anchar" lastUpdated="2011-11-09T05:00:00.000+0000" id="BEEzkdo8D2a"/>
                <organisationUnit name="Dawro" lastUpdated="2011-11-09T05:00:00.000+0000" id="bt5D9pRFiIo"/>
                <organisationUnit name="Etang Special" lastUpdated="2010-06-25T04:00:00.000+0000" id="Eufm6q4okqy"/>
                <organisationUnit name="Ilu" lastUpdated="2011-11-09T05:00:00.000+0000" id="MLDhdtofWZe"/>
                <organisationUnit name="Bicho" lastUpdated="2010-06-25T04:00:00.000+0000" id="netPyxdSTbe"/>
                <organisationUnit name="Tiyo" lastUpdated="2011-11-09T05:00:00.000+0000" id="zFc1nNEqCnS"/>
                <organisationUnit name="Dega" lastUpdated="2011-11-09T05:00:00.000+0000" id="b6Y95moyQpX"/>
                <organisationUnit name="Enebse Sar Midir" lastUpdated="2011-11-09T05:00:00.000+0000" id="Myt4yMfFhGw"/>
                <organisationUnit name="Erer" lastUpdated="2011-11-09T05:00:00.000+0000" id="ppV5upFEFkV"/>
                <organisationUnit name="Geta" lastUpdated="2010-06-25T04:00:00.000+0000" id="ASaldFYOcoW"/>
                <organisationUnit name="Laelay Maychew" lastUpdated="2011-11-09T05:00:00.000+0000" id="pKsimNXBBF0"/>
                <organisationUnit name="Girar Jarso 2" lastUpdated="2010-06-25T04:00:00.000+0000" id="nGTfPh2LDoG"/>
                <organisationUnit name="Afdem" lastUpdated="2011-11-09T05:00:00.000+0000" id="Iub1onIQbJK"/>
                <organisationUnit name="Loko Abeya" lastUpdated="2010-06-25T04:00:00.000+0000" id="zfXqb3Y9pnW"/>
                <organisationUnit name="Gamo Gofa" lastUpdated="2011-11-09T05:00:00.000+0000" id="n7iTxRZcb01"/>
                <organisationUnit name="Mirab Imi" lastUpdated="2010-06-25T04:00:00.000+0000" id="NaAGmgNmBLY"/>
                <organisationUnit name="Tahtay Maychew" lastUpdated="2011-11-09T05:00:00.000+0000" id="e1A1LTk9p1n"/>
                <organisationUnit name="Sigamo" lastUpdated="2011-11-09T05:00:00.000+0000" id="ZwQxQe4JaxT"/>
                <organisationUnit name="Dale" lastUpdated="2011-11-09T05:00:00.000+0000" id="r2ukf4itPoP"/>
                <organisationUnit name="Gimbichu" lastUpdated="2011-11-09T05:00:00.000+0000" id="xbk1VWGPr9k"/>
                <organisationUnit name="Jardega Jarte" lastUpdated="2011-11-09T05:00:00.000+0000" id="huHiJ1UxKWe"/>
                <organisationUnit name="Were Ilu" lastUpdated="2011-11-09T05:00:00.000+0000" id="SIuDrA8SPZK"/>
                <organisationUnit name="Wolayita" lastUpdated="2011-11-09T05:00:00.000+0000" id="c0lX2TNSZVG"/>
                <organisationUnit name="Dangila" lastUpdated="2011-11-09T05:00:00.000+0000" id="Km7m92NRpdQ"/>
                <organisationUnit name="Bursa" lastUpdated="2010-06-25T04:00:00.000+0000" id="UGwHy8lQLpZ"/>
                <organisationUnit name="Gursum 4" lastUpdated="2010-06-25T04:00:00.000+0000" id="WfhleBtLzdI"/>
                <organisationUnit name="Menz Gera Midir 2" lastUpdated="2010-06-25T04:00:00.000+0000" id="xsfj444oRua"/>
                <organisationUnit name="Illu Aba Bora" lastUpdated="2010-06-25T04:00:00.000+0000" id="rzNrFIfAian"/>
                <organisationUnit name="Shashemene Zuria" lastUpdated="2011-11-09T05:00:00.000+0000" id="RS7kL9svvWf"/>
                <organisationUnit name="Decha" lastUpdated="2011-11-09T05:00:00.000+0000" id="NABMJfvnCiI"/>
                <organisationUnit name="Menz Lalo Midir 2" lastUpdated="2010-06-25T04:00:00.000+0000" id="OVY1R7LWMNH"/>
                <organisationUnit name="Ziway Dugda" lastUpdated="2011-11-09T05:00:00.000+0000" id="qqL9X6BDcW0"/>
                <organisationUnit name="West Hararge" lastUpdated="2011-11-09T05:00:00.000+0000" id="Zbxddg21E8t"/>
                <organisationUnit name="Hintalo Wajirat" lastUpdated="2011-11-09T05:00:00.000+0000" id="FCSwopkzhQJ"/>
                <organisationUnit name="Bereh 2" lastUpdated="2010-06-25T04:00:00.000+0000" id="KUHkDuiTjT4"/>
                <organisationUnit name="Haro Limu" lastUpdated="2010-06-25T04:00:00.000+0000" id="vjmdkdItZtN"/>
                <organisationUnit name="Denibu Gofa" lastUpdated="2010-06-25T04:00:00.000+0000" id="GrVjsfXjXtj"/>
                <organisationUnit name="Rayitu" lastUpdated="2011-11-09T05:00:00.000+0000" id="RIYcYG8eZOY"/>
                <organisationUnit name="Western Tigray" lastUpdated="2011-11-09T05:00:00.000+0000" id="r69ODemApHT"/>
                <organisationUnit name="Goro 2" lastUpdated="2010-06-25T04:00:00.000+0000" id="Uy0MxB67BX5"/>
                <organisationUnit name="ADDIS ABABA" lastUpdated="2011-11-08T05:00:00.000+0000" id="WmAbwQopOV9"/>
                <organisationUnit name="Melekoza" lastUpdated="2011-11-09T05:00:00.000+0000" id="vOQvMhocE9N"/>
                <organisationUnit name="Enderta" lastUpdated="2011-11-09T05:00:00.000+0000" id="hhpVeymmIwJ"/>
                <organisationUnit name="Kurfa Chele" lastUpdated="2011-11-09T05:00:00.000+0000" id="pKHkANLnVhg"/>
                <organisationUnit name="Asossa Wereda" lastUpdated="2011-11-09T05:00:00.000+0000" id="h9lgv0em7Bs"/>
                <organisationUnit name="Habru" lastUpdated="2011-11-09T05:00:00.000+0000" id="AuCx2wY7X1n"/>
                <organisationUnit name="Alamata" lastUpdated="2011-11-09T05:00:00.000+0000" id="bImB0P20lpt"/>
                <organisationUnit name="Erebti" lastUpdated="2011-11-09T05:00:00.000+0000" id="xouKTQc65jc"/>
                <organisationUnit name="Toke Kutayu" lastUpdated="2010-06-25T04:00:00.000+0000" id="BhgJH8BCIzp"/>
                <organisationUnit name="Debere Libanos 2" lastUpdated="2010-06-25T04:00:00.000+0000" id="zfxRK2lXryO"/>
                <organisationUnit name="Daro Lebu" lastUpdated="2011-11-09T05:00:00.000+0000" id="BV9q0bmPCqH"/>
                <organisationUnit name="Jimma Horo" lastUpdated="2011-11-09T05:00:00.000+0000" id="UGShcIthnKR"/>
                <organisationUnit name="Dasenech" lastUpdated="2010-06-25T04:00:00.000+0000" id="sBeHav4BsGz"/>
                <organisationUnit name="Saesi Tsadamba" lastUpdated="2012-09-17T00:43:04.218+0000" id="O9IvIKc8cSQ"/>
                <organisationUnit name="Borena" lastUpdated="2011-11-09T05:00:00.000+0000" id="s6LdO574cyn"/>
                <organisationUnit name="Efrata Gidim" lastUpdated="2010-06-25T04:00:00.000+0000" id="hQuwWTw86Nm"/>
                <organisationUnit name="Asagirt" lastUpdated="2011-11-09T05:00:00.000+0000" id="GjFzre7KmDM"/>
                <organisationUnit name="Addis Ketema" lastUpdated="2011-11-09T05:00:00.000+0000" id="Q506wNPlqZQ"/>
                <organisationUnit name="Adi Arkay" lastUpdated="2011-11-09T05:00:00.000+0000" id="xfJg7JlmVLV"/>
                <organisationUnit name="Sodo Dacha" lastUpdated="2010-06-25T04:00:00.000+0000" id="yvN6y6rL4nL"/>
                <organisationUnit name="Selehad" lastUpdated="2010-06-25T04:00:00.000+0000" id="nCJervNBSSD"/>
                <organisationUnit name="Kelem Welega" lastUpdated="2010-06-25T04:00:00.000+0000" id="CY87Q0mzRGS"/>
                <organisationUnit name="Waghemira" lastUpdated="2011-11-09T05:00:00.000+0000" id="ujpN9eZ7Sis"/>
                <organisationUnit name="Yilma Na Densa" lastUpdated="2010-06-25T04:00:00.000+0000" id="u2PJUKr24Z5"/>
                <organisationUnit name="Gibe" lastUpdated="2010-06-25T04:00:00.000+0000" id="FCl92QC4WLI"/>
                <organisationUnit name="Were Jarso 2" lastUpdated="2010-06-25T04:00:00.000+0000" id="e44b8iH3TqV"/>
                <organisationUnit name="Melka Belo" lastUpdated="2011-11-09T05:00:00.000+0000" id="nyN7AgjpWTf"/>
                <organisationUnit name="North Wello" lastUpdated="2011-11-09T05:00:00.000+0000" id="Kcs7Xm6qp0B"/>
                <organisationUnit name="Bule Hora" lastUpdated="2010-06-25T04:00:00.000+0000" id="cE4k8BKVabi"/>
                <organisationUnit name="Digluna Tijo" lastUpdated="2010-06-25T04:00:00.000+0000" id="uANrm412sOt"/>
                <organisationUnit name="Angolala Tera" lastUpdated="2010-06-25T04:00:00.000+0000" id="NJbGnFlMa2g"/>
                <organisationUnit name="Akaki" lastUpdated="2011-11-09T05:00:00.000+0000" id="udN58MLRkhw"/>
                <organisationUnit name="Warder Wereda" lastUpdated="2011-11-09T05:00:00.000+0000" id="TaOlhqQB0FY"/>
                <organisationUnit name="Agarfa" lastUpdated="2011-11-09T05:00:00.000+0000" id="zVyWTvJiXOI"/>
                <organisationUnit name="Nunu Kumba" lastUpdated="2011-11-09T05:00:00.000+0000" id="vjcrhsMJsYE"/>
                <organisationUnit name="Sheka" lastUpdated="2011-11-09T05:00:00.000+0000" id="rjXR4tPe0ET"/>
                <organisationUnit name="Menz Mama Midir" lastUpdated="2010-06-25T04:00:00.000+0000" id="CGI0e9fF8i7"/>
                <organisationUnit name="Sululta" lastUpdated="2010-06-25T04:00:00.000+0000" id="YmgRmOtHGO2"/>
                <organisationUnit name="Kondala" lastUpdated="2010-06-25T04:00:00.000+0000" id="EWuSeBXEdYt"/>
                <organisationUnit name="Kirkos" lastUpdated="2011-11-09T05:00:00.000+0000" id="YxjZBws5zrN"/>
                <organisationUnit name="Misrak Belesa" lastUpdated="2010-06-25T04:00:00.000+0000" id="k36C5ECQaI6"/>
                <organisationUnit name="Mesela" lastUpdated="2011-11-09T05:00:00.000+0000" id="geRGljmS85a"/>
                <organisationUnit name="Konso Special Wereda" lastUpdated="2011-11-09T05:00:00.000+0000" id="UCMwSguAZiJ"/>
                <organisationUnit name="Wolmera" lastUpdated="2011-11-09T05:00:00.000+0000" id="Ui47J2F54Ri"/>
                <organisationUnit name="Wegera" lastUpdated="2011-11-09T05:00:00.000+0000" id="Q1f8p5fmHaz"/>
                <organisationUnit name="Goncha Siso Enese" lastUpdated="2011-11-09T05:00:00.000+0000" id="VALtJ9mm4gJ"/>
                <organisationUnit name="Gulo Meheda" lastUpdated="2012-09-17T00:43:04.180+0000" id="D7MN5m965tx"/>
                <organisationUnit name="Gumer" lastUpdated="2011-11-09T05:00:00.000+0000" id="J1BB5hAPQQn"/>
                <organisationUnit name="Deder" lastUpdated="2011-11-09T05:00:00.000+0000" id="bIhhdcupDS3"/>
                <organisationUnit name="Kore" lastUpdated="2010-06-25T04:00:00.000+0000" id="zOwp6pcyN98"/>
                <organisationUnit name="West Gojjam" lastUpdated="2011-11-09T05:00:00.000+0000" id="wFQwJYQ066s"/>
                <organisationUnit name="Boricha" lastUpdated="2010-06-25T04:00:00.000+0000" id="ZO24m5Li1B6"/>
                <organisationUnit name="Dedesa" lastUpdated="2011-11-09T05:00:00.000+0000" id="uF9qV0mSMi6"/>
                <organisationUnit name="Legehida 2" lastUpdated="2010-06-25T04:00:00.000+0000" id="PfSpDmTFmAX"/>
                <organisationUnit name="Zone 1" lastUpdated="2011-11-09T05:00:00.000+0000" id="jLC9WNKSTAn"/>
                <organisationUnit name="SOMALI" lastUpdated="2011-11-08T05:00:00.000+0000" id="LmPrCWi1ebf"/>
                <organisationUnit name="Amuru" lastUpdated="2011-11-09T05:00:00.000+0000" id="qR6yHs3q40b"/>
                <organisationUnit name="Boke" lastUpdated="2011-11-09T05:00:00.000+0000" id="tCQ05GC0ewO"/>
                <organisationUnit name="Afdera" lastUpdated="2011-11-09T05:00:00.000+0000" id="t0bnVuEhAW4"/>
                <organisationUnit name="Zone 2" lastUpdated="2011-11-09T05:00:00.000+0000" id="EAlBwHTO8TP"/>
                <organisationUnit name="Lideta" lastUpdated="2011-11-09T05:00:00.000+0000" id="Sr75FEdQGZQ"/>
                <organisationUnit name="Mieso" lastUpdated="2011-11-09T05:00:00.000+0000" id="ecIWDWm2ev1"/>
                <organisationUnit name="Enkelo Wabe" lastUpdated="2010-06-25T04:00:00.000+0000" id="yNgznN2WJMf"/>
                <organisationUnit name="Homesha" lastUpdated="2010-06-25T04:00:00.000+0000" id="l4mwu9GZIUo"/>
                <organisationUnit name="Hawuzen" lastUpdated="2012-09-17T00:43:04.199+0000" id="Q5kd0gdsgFk"/>
                <organisationUnit name="Jijiga Zone" lastUpdated="2011-11-09T05:00:00.000+0000" id="nMK4p5oFHNF"/>
                <organisationUnit name="Yaya Gulele 2" lastUpdated="2010-06-25T04:00:00.000+0000" id="HXPJeUpImHX"/>
                <organisationUnit name="Masha" lastUpdated="2011-11-09T05:00:00.000+0000" id="vBfIpLrWoWZ"/>
                <organisationUnit name="Raya Azebo" lastUpdated="2011-11-09T05:00:00.000+0000" id="GIDusiMsRgF"/>
                <organisationUnit name="Nefas Silk" lastUpdated="2011-11-09T05:00:00.000+0000" id="O1BnuDey47w"/>
            </organisationUnits>
        </dataSet>
        <dataSet code="MNCH" name="Maternal and Child Health" lastUpdated="2012-09-17T01:30:13.794+0000" shortName="MNCH" id="sI82CctvS1A">
            <mobile>false</mobile>
            <allowFuturePeriods>false</allowFuturePeriods>
            <version>1</version>
            <expiryDays>0</expiryDays>
            <skipAggregation>false</skipAggregation>
            <periodType>Monthly</periodType>
            <dataElements>
                <dataElement code="ANC4" name="ANC4" lastUpdated="2012-09-17T00:11:06.391+0000" id="OWeOBFxrvrv"/>
                <dataElement code="ANC1" name="ANC1" lastUpdated="2012-09-17T00:10:53.347+0000" id="nvVDDkfbbhf"/>
            </dataElements>
            <organisationUnits>
                <organisationUnit code="Negash" name="Negash" lastUpdated="2012-09-16T04:00:00.000+0000" id="WHYvlB2eahw"/>
                <organisationUnit code="Gulachatbera" name="Gulachatbera" lastUpdated="2012-09-16T04:00:00.000+0000" id="H7cdY0sbBty"/>
                <organisationUnit code="Dakaka" name="Dakaka" lastUpdated="2012-09-16T04:00:00.000+0000" id="rWnvmEwpGs8"/>
                <organisationUnit code="Betkorkis" name="Betkorkis" lastUpdated="2012-09-17T03:59:44.452+0000" id="JC1v1FR25Zu"/>
                <organisationUnit code="Agulae" name="Agulae" lastUpdated="2012-09-16T04:00:00.000+0000" id="m57BMlr3JdL"/>
                <organisationUnit code="Dobe Toga" name="Dobe Toga" lastUpdated="2012-09-16T04:00:00.000+0000" id="H0MPXtHsWg0"/>
                <organisationUnit code="Bishoftu" name="Bishoftu" lastUpdated="2012-09-16T04:00:00.000+0000" id="tTpNgmGuOCi"/>
                <organisationUnit code="Dinkara" name="Dinkara" lastUpdated="2012-09-16T04:00:00.000+0000" id="pEcQ0hzWZXr"/>
                <organisationUnit code="Ablea Leda" name="Ablea Leda" lastUpdated="2012-09-16T04:00:00.000+0000" id="eKHAZdAiuly"/>
                <organisationUnit code="Dire" name="Dire Shoki" lastUpdated="2012-09-16T23:37:01.060+0000" id="cj5PUCETfUD"/>
                <organisationUnit code="Morocho Negash" name="Morocho Negash" lastUpdated="2012-09-16T04:00:00.000+0000" id="omGXRPWykIp"/>
                <organisationUnit code="Godino" name="Godino" lastUpdated="2012-09-16T04:00:00.000+0000" id="eM9QYGW8V1q"/>
                <organisationUnit code="Hidi" name="Hidi" lastUpdated="2012-09-16T04:00:00.000+0000" id="xCHPLopq1Kc"/>
                <organisationUnit code="Kesa" name="Kesa" lastUpdated="2012-09-16T04:00:00.000+0000" id="ug1Gz1hyeLR"/>
                <organisationUnit code="Leku" name="Leku" lastUpdated="2012-09-16T04:00:00.000+0000" id="vF2qO8BNe71"/>
                <organisationUnit code="Dulecha Tiberako" name="Dulecha Tiberako" lastUpdated="2012-09-16T04:00:00.000+0000" id="ZzGneTLqOPB"/>
                <organisationUnit code="Tsigereda" name="Tsigereda" lastUpdated="2012-09-16T04:00:00.000+0000" id="K99YidND9sv"/>
                <organisationUnit code="Gebre Kiristos" name="Gebre Kiristos" lastUpdated="2012-09-16T04:00:00.000+0000" id="X24aWiZbdlN"/>
                <organisationUnit code="Surta" name="Surta" lastUpdated="2012-09-16T04:00:00.000+0000" id="gMCHAjVITaq"/>
                <organisationUnit name="Bekejo" lastUpdated="2011-11-10T03:54:09.599+0000" id="GXBpC69EhIN"/>
                <organisationUnit code="Abrha Astbha" name="Abrha Astbha" lastUpdated="2012-09-16T04:00:00.000+0000" id="Eqj5TvqGpiJ"/>
                <organisationUnit code="Beati Akor" name="Beati Akor" lastUpdated="2012-09-16T04:00:00.000+0000" id="xrraTchfVmM"/>
                <organisationUnit code="Dangia" name="Dangia" lastUpdated="2012-09-16T04:00:00.000+0000" id="c4VwIr2GTRc"/>
            </organisationUnits>
        </dataSet>
    </dataSets>
</metaData>