<?xml version="1.0"?>
<reportTemplates xmlns:d2="http://dhis2.org/schema/dxf/2.0">
  <dataElements>
    <dataElement uid="nvVDDkfbbhf" code="ANC1" name="ANC1" type="int"/>
    <dataElement uid="OWeOBFxrvrv" code="ANC4" name="ANC4" type="int"/>
    <dataElement uid="xX6RDH6AZTK" code="POP" name="Population" type="int"/>
  </dataElements>
  <disaggregations>
    <disaggregation uid="YtbnZipIBx3" code="YtbnZipIBx3" name="(default)"/>
    <disaggregation uid="HgRodT2oZlq" code="HgRodT2oZlq" name="(Male)"/>
    <disaggregation uid="PfaFHAfpd2X" code="PfaFHAfpd2X" name="(Female)"/>
  </disaggregations>
  <reportTemplate>
    <name>Maternal and Child Health</name>
    <uid>sI82CctvS1A</uid>
    <code>MNCH</code>
    <periodType>Monthly</periodType>
    <dataValueTemplates>
      <dataValueTemplate dataElement="ANC4" disaggregation="YtbnZipIBx3"/>
      <dataValueTemplate dataElement="ANC1" disaggregation="YtbnZipIBx3"/>
    </dataValueTemplates>
  </reportTemplate>
  <reportTemplate>
    <name>Population</name>
    <uid>Az7yGdS293Y</uid>
    <code>Population</code>
    <periodType>Yearly</periodType>
    <dataValueTemplates>
      <dataValueTemplate dataElement="POP" disaggregation="HgRodT2oZlq"/>
      <dataValueTemplate dataElement="POP" disaggregation="PfaFHAfpd2X"/>
    </dataValueTemplates>
  </reportTemplate>
</reportTemplates>
